account_id,customer_id,account_type,currency,opening_date,account_status,current_balance
ACC000001,CUST000241,savings,AUD,2019-05-13,active,2630.66
ACC000002,CUST000037,savings,AUD,2025-03-22,active,1309.96
ACC000003,CUST000091,transaction,AUD,2021-09-16,active,11259.42
ACC000004,CUST000196,savings,AUD,2025-05-27,active,5188.07
ACC000005,CUST000068,transaction,AUD,2021-05-25,active,14827.73
ACC000006,CUST000213,transaction,AUD,2023-10-24,active,11042.99
ACC000007,CUST000181,transaction,AUD,2024-12-14,active,1347.31
ACC000008,CUST000207,transaction,AUD,2024-10-11,active,3929.53
ACC000009,CUST000137,savings,AUD,2020-11-21,active,1859.8
ACC000010,CUST000028,savings,AUD,2024-07-07,active,3422.89
ACC000011,CUST000156,savings,AUD,2026-02-14,active,1473.4
ACC000012,CUST000023,transaction,AUD,2019-03-16,active,6771.84
ACC000013,CUST000004,transaction,AUD,2023-04-09,active,2650.38
ACC000014,CUST000228,transaction,AUD,2019-12-27,active,815.28
ACC000015,CUST000241,savings,AUD,2025-05-23,active,6307.12
ACC000016,CUST000060,savings,AUD,2019-01-25,active,8859.25
ACC000017,CUST000205,transaction,AUD,2017-12-06,active,11540.13
ACC000018,CUST000210,transaction,AUD,2021-06-11,active,1645.17
ACC000019,CUST000204,transaction,AUD,2023-10-21,active,6658.07
ACC000020,CUST000184,savings,AUD,2022-07-11,active,4415.28
ACC000021,CUST000018,transaction,AUD,2025-05-19,active,477.75
ACC000022,CUST000155,transaction,AUD,2021-04-16,active,1747.78
ACC000023,CUST000095,transaction,AUD,2016-10-14,active,2466.99
ACC000024,CUST000246,transaction,AUD,2021-07-22,active,11166.37
ACC000025,CUST000136,transaction,AUD,2021-10-28,active,2139.89
ACC000026,CUST000076,savings,AUD,2025-01-27,active,2614.59
ACC000027,CUST000173,transaction,AUD,2019-04-10,active,3195.12
ACC000028,CUST000102,transaction,AUD,2024-05-04,active,1279.65
ACC000029,CUST000197,transaction,AUD,2025-11-27,active,1295.47
ACC000030,CUST000153,transaction,AUD,2024-12-25,active,975.17
ACC000031,CUST000231,transaction,AUD,2022-08-13,active,9009.13
ACC000032,CUST000010,transaction,AUD,2022-05-26,active,1984.1
ACC000033,CUST000137,transaction,AUD,2026-02-18,active,2123.33
ACC000034,CUST000162,transaction,AUD,2025-12-27,active,2999.91
ACC000035,CUST000132,transaction,AUD,2023-02-28,active,3266.65
ACC000036,CUST000091,savings,AUD,2024-06-28,active,2513.9
ACC000037,CUST000068,transaction,AUD,2022-03-21,active,5799.84
ACC000038,CUST000200,savings,AUD,2019-12-15,active,2238.93
ACC000039,CUST000142,transaction,AUD,2020-10-21,active,477.51
ACC000040,CUST000084,transaction,AUD,2026-06-22,active,668.44
ACC000041,CUST000104,transaction,AUD,2023-04-05,active,663.48
ACC000042,CUST000094,transaction,AUD,2020-09-19,active,33537.35
ACC000043,CUST000113,transaction,AUD,2023-09-25,active,625.81
ACC000044,CUST000194,transaction,AUD,2017-06-27,active,2735.03
ACC000045,CUST000169,transaction,AUD,2022-02-27,active,1497.61
ACC000046,CUST000053,savings,AUD,2024-10-15,dormant,1129.86
ACC000047,CUST000051,savings,AUD,2023-03-25,active,12134.66
ACC000048,CUST000210,transaction,AUD,2023-04-25,active,3399.85
ACC000049,CUST000011,transaction,AUD,2019-05-02,active,1163.14
ACC000050,CUST000109,savings,AUD,2025-03-03,active,622.81
ACC000051,CUST000049,transaction,AUD,2017-05-17,active,271.98
ACC000052,CUST000074,transaction,AUD,2018-11-22,active,1304.75
ACC000053,CUST000214,transaction,AUD,2025-04-16,active,2542.28
ACC000054,CUST000160,transaction,AUD,2022-05-23,active,6044.17
ACC000055,CUST000221,savings,AUD,2018-06-14,active,4009.48
ACC000056,CUST000085,savings,AUD,2024-03-26,active,2192.76
ACC000057,CUST000077,savings,AUD,2018-06-10,active,1225.62
ACC000058,CUST000147,transaction,AUD,2025-09-10,active,3137.38
ACC000059,CUST000098,transaction,AUD,2024-07-08,active,2541.1
ACC000060,CUST000045,savings,AUD,2017-01-02,active,3597.42
ACC000061,CUST000036,transaction,AUD,2019-03-13,active,1212.34
ACC000062,CUST000150,transaction,AUD,2023-09-20,dormant,11341.07
ACC000063,CUST000220,savings,AUD,2019-05-16,active,267.76
ACC000064,CUST000120,savings,AUD,2018-01-06,active,1020.32
ACC000065,CUST000019,savings,AUD,2024-09-24,active,1290.18
ACC000066,CUST000029,transaction,AUD,2021-04-02,active,877.98
ACC000067,CUST000039,savings,AUD,2022-07-03,active,1950.98
ACC000068,CUST000073,transaction,AUD,2023-07-04,active,1951.58
ACC000069,CUST000241,savings,AUD,2018-02-10,active,505.24
ACC000070,CUST000123,transaction,AUD,2022-05-02,active,10662.06
ACC000071,CUST000056,savings,AUD,2025-10-27,active,6392.79
ACC000072,CUST000139,transaction,AUD,2023-03-18,active,5105.3
ACC000073,CUST000093,transaction,AUD,2022-02-17,active,4657.91
ACC000074,CUST000028,savings,AUD,2025-01-17,active,6086.45
ACC000075,CUST000096,transaction,AUD,2025-12-12,active,1918.59
ACC000076,CUST000013,transaction,AUD,2017-05-10,active,1604.13
ACC000077,CUST000133,transaction,AUD,2017-11-28,active,11645.12
ACC000078,CUST000008,transaction,AUD,2020-09-26,active,14927.15
ACC000079,CUST000195,transaction,AUD,2021-08-19,active,2185.32
ACC000080,CUST000214,transaction,AUD,2020-08-12,active,979.08
ACC000081,CUST000170,transaction,AUD,2018-04-13,active,5998.09
ACC000082,CUST000022,savings,AUD,2024-02-16,active,2127.44
ACC000083,CUST000134,transaction,AUD,2018-06-02,dormant,836.49
ACC000084,CUST000035,transaction,AUD,2018-06-15,active,2017.34
ACC000085,CUST000055,transaction,AUD,2024-04-16,active,988.57
ACC000086,CUST000125,transaction,AUD,2019-07-29,active,1250.07
ACC000087,CUST000241,transaction,AUD,2021-11-02,active,548.97
ACC000088,CUST000159,savings,AUD,2017-03-27,active,2116.8
ACC000089,CUST000087,transaction,AUD,2017-07-11,active,4827.42
ACC000090,CUST000225,transaction,AUD,2022-04-06,active,6534.45
ACC000091,CUST000155,transaction,AUD,2017-09-12,active,6876.11
ACC000092,CUST000164,transaction,AUD,2021-09-25,active,4381.31
ACC000093,CUST000016,savings,AUD,2022-11-04,active,6746.48
ACC000094,CUST000141,transaction,AUD,2023-02-14,dormant,1769.9
ACC000095,CUST000064,savings,AUD,2024-01-27,active,1846.22
ACC000096,CUST000204,transaction,AUD,2019-03-22,active,1884.01
ACC000097,CUST000080,transaction,AUD,2020-11-24,active,7723.74
ACC000098,CUST000239,savings,AUD,2025-10-12,active,1363.19
ACC000099,CUST000013,transaction,AUD,2023-10-03,active,2437.91
ACC000100,CUST000062,transaction,AUD,2026-05-16,active,1063.36
ACC000101,CUST000159,transaction,AUD,2019-10-22,active,1199.22
ACC000102,CUST000097,transaction,AUD,2019-08-21,active,5695.8
ACC000103,CUST000038,transaction,AUD,2019-09-21,active,2945.15
ACC000104,CUST000001,transaction,AUD,2018-02-01,active,624.23
ACC000105,CUST000103,savings,AUD,2023-04-03,active,2707.61
ACC000106,CUST000108,transaction,AUD,2020-11-03,active,667.38
ACC000107,CUST000216,transaction,AUD,2025-03-18,active,6420.92
ACC000108,CUST000171,transaction,AUD,2019-03-07,active,4664.86
ACC000109,CUST000048,transaction,AUD,2020-09-10,active,3936.88
ACC000110,CUST000038,transaction,AUD,2024-08-03,active,6680.9
ACC000111,CUST000039,transaction,AUD,2021-01-24,active,9776.39
ACC000112,CUST000028,transaction,AUD,2024-07-24,active,3291.29
ACC000113,CUST000071,transaction,AUD,2021-02-01,active,2055.52
ACC000114,CUST000214,savings,AUD,2016-11-26,active,2209.97
ACC000115,CUST000140,transaction,AUD,2024-08-28,dormant,9284.01
ACC000116,CUST000114,savings,AUD,2021-08-21,active,5651.22
ACC000117,CUST000029,transaction,AUD,2026-01-16,active,6247.98
ACC000118,CUST000151,transaction,AUD,2019-06-07,active,500.89
ACC000119,CUST000096,transaction,AUD,2017-12-31,active,16023.58
ACC000120,CUST000005,savings,AUD,2024-04-04,active,3847.63
ACC000121,CUST000037,transaction,AUD,2022-08-16,active,998.77
ACC000122,CUST000149,transaction,AUD,2021-10-31,active,810.25
ACC000123,CUST000067,transaction,AUD,2023-12-18,dormant,7289.67
ACC000124,CUST000002,transaction,AUD,2020-12-31,active,3115.71
ACC000125,CUST000104,transaction,AUD,2024-07-07,active,1413.61
ACC000126,CUST000135,transaction,AUD,2021-11-19,active,4408.39
ACC000127,CUST000245,transaction,AUD,2020-02-18,active,8597.47
ACC000128,CUST000210,savings,AUD,2023-04-16,active,1280.43
ACC000129,CUST000047,transaction,AUD,2024-12-18,active,10800.32
ACC000130,CUST000139,transaction,AUD,2018-07-23,active,859.02
ACC000131,CUST000038,transaction,AUD,2020-10-11,active,1672.55
ACC000132,CUST000105,transaction,AUD,2023-03-26,active,1590.71
ACC000133,CUST000194,transaction,AUD,2026-06-22,active,3917.48
ACC000134,CUST000223,savings,AUD,2022-11-07,active,12553.78
ACC000135,CUST000230,savings,AUD,2026-07-10,active,359.01
ACC000136,CUST000215,savings,AUD,2021-10-11,active,3074.56
ACC000137,CUST000104,savings,AUD,2021-10-07,active,4429.02
ACC000138,CUST000130,transaction,AUD,2017-02-12,active,2038.96
ACC000139,CUST000175,savings,AUD,2023-06-24,active,12425.24
ACC000140,CUST000217,savings,AUD,2021-05-31,active,20031.48
ACC000141,CUST000248,savings,AUD,2016-11-18,active,3398.39
ACC000142,CUST000095,transaction,AUD,2026-05-16,active,6983.36
ACC000143,CUST000097,transaction,AUD,2017-07-30,active,1826.67
ACC000144,CUST000103,transaction,AUD,2025-03-12,active,3938.58
ACC000145,CUST000193,transaction,AUD,2021-08-12,active,429.68
ACC000146,CUST000033,savings,AUD,2020-08-28,active,704.65
ACC000147,CUST000119,savings,AUD,2022-09-27,active,6843.34
ACC000148,CUST000189,transaction,AUD,2020-06-20,active,1660.92
ACC000149,CUST000114,transaction,AUD,2019-12-24,active,6150.46
ACC000150,CUST000065,transaction,AUD,2021-01-03,active,420.48
ACC000151,CUST000059,transaction,AUD,2019-01-26,active,2898.7
ACC000152,CUST000064,savings,AUD,2018-05-25,dormant,981.32
ACC000153,CUST000089,transaction,AUD,2017-05-31,active,10352.13
ACC000154,CUST000239,transaction,AUD,2021-12-31,active,542.4
ACC000155,CUST000186,transaction,AUD,2024-03-30,active,3098.21
ACC000156,CUST000155,transaction,AUD,2017-04-24,active,1516.23
ACC000157,CUST000132,transaction,AUD,2022-12-14,active,4401.46
ACC000158,CUST000184,savings,AUD,2018-12-24,active,14592.69
ACC000159,CUST000151,transaction,AUD,2018-04-12,active,831.29
ACC000160,CUST000236,transaction,AUD,2021-10-06,active,1405.63
ACC000161,CUST000163,transaction,AUD,2022-04-21,active,8001.67
ACC000162,CUST000104,savings,AUD,2023-10-24,active,1138.06
ACC000163,CUST000134,transaction,AUD,2019-09-25,active,2169.16
ACC000164,CUST000133,savings,AUD,2020-02-28,active,1683.37
ACC000165,CUST000083,transaction,AUD,2018-12-29,active,4508.83
ACC000166,CUST000130,transaction,AUD,2025-12-02,active,2998.95
ACC000167,CUST000046,transaction,AUD,2022-12-20,active,4062.77
ACC000168,CUST000239,transaction,AUD,2025-10-10,active,2730.18
ACC000169,CUST000219,transaction,AUD,2025-04-13,active,7232.89
ACC000170,CUST000008,transaction,AUD,2021-05-19,active,3981.28
ACC000171,CUST000133,transaction,AUD,2019-07-18,dormant,4371.61
ACC000172,CUST000133,savings,AUD,2021-02-11,active,4683.35
ACC000173,CUST000208,transaction,AUD,2024-12-10,active,11737.46
ACC000174,CUST000231,savings,AUD,2021-10-06,active,2975.24
ACC000175,CUST000160,transaction,AUD,2022-07-04,active,1094.07
ACC000176,CUST000199,transaction,AUD,2018-09-14,active,761.48
ACC000177,CUST000071,transaction,AUD,2024-09-17,active,3085.94
ACC000178,CUST000071,transaction,AUD,2018-01-09,active,3726.12
ACC000179,CUST000039,transaction,AUD,2019-02-20,active,8997.29
ACC000180,CUST000231,transaction,AUD,2020-07-31,active,4646.24
ACC000181,CUST000154,transaction,AUD,2023-07-04,active,6220.36
ACC000182,CUST000238,savings,AUD,2026-03-24,active,731.96
ACC000183,CUST000073,savings,AUD,2022-12-19,dormant,2202.57
ACC000184,CUST000224,transaction,AUD,2018-04-13,active,13085.69
ACC000185,CUST000179,savings,AUD,2023-06-16,active,4241.7
ACC000186,CUST000092,savings,AUD,2016-12-24,active,3397.39
ACC000187,CUST000083,transaction,AUD,2021-03-30,active,1969.48
ACC000188,CUST000105,transaction,AUD,2025-11-15,active,4188.97
ACC000189,CUST000082,transaction,AUD,2018-11-05,active,4353.97
ACC000190,CUST000167,transaction,AUD,2024-06-24,active,1806.7
ACC000191,CUST000235,transaction,AUD,2023-01-06,active,3140.61
ACC000192,CUST000216,transaction,AUD,2021-03-16,active,5539.74
ACC000193,CUST000071,savings,AUD,2023-03-24,active,5520.01
ACC000194,CUST000169,savings,AUD,2023-01-24,active,336.9
ACC000195,CUST000187,transaction,AUD,2018-08-03,active,9775.5
ACC000196,CUST000064,transaction,AUD,2020-09-20,active,4842.38
ACC000197,CUST000135,savings,AUD,2024-10-06,active,1706.55
ACC000198,CUST000101,savings,AUD,2017-03-03,active,1147.35
ACC000199,CUST000215,transaction,AUD,2026-04-18,active,1390.86
ACC000200,CUST000137,transaction,AUD,2022-04-29,active,5128.63
ACC000201,CUST000080,savings,AUD,2020-07-05,active,2430.69
ACC000202,CUST000211,savings,AUD,2017-10-26,active,751.96
ACC000203,CUST000175,transaction,AUD,2024-08-22,active,3355.47
ACC000204,CUST000061,transaction,AUD,2021-11-19,active,12759.74
ACC000205,CUST000165,savings,AUD,2023-09-10,active,2806.65
ACC000206,CUST000205,transaction,AUD,2018-09-23,active,12646.38
ACC000207,CUST000059,savings,AUD,2019-02-14,active,2370.15
ACC000208,CUST000035,savings,AUD,2017-07-07,active,3739.79
ACC000209,CUST000007,transaction,AUD,2017-05-18,active,12522.72
ACC000210,CUST000106,transaction,AUD,2021-12-03,active,4594.4
ACC000211,CUST000063,savings,AUD,2025-02-15,active,736.49
ACC000212,CUST000068,savings,AUD,2018-09-20,active,2260.41
ACC000213,CUST000127,transaction,AUD,2018-05-25,active,3570.15
ACC000214,CUST000139,savings,AUD,2020-09-26,dormant,2787.56
ACC000215,CUST000027,savings,AUD,2025-11-21,dormant,10321.25
ACC000216,CUST000024,transaction,AUD,2019-01-19,active,5422.69
ACC000217,CUST000093,transaction,AUD,2023-05-10,active,768.3
ACC000218,CUST000169,savings,AUD,2024-06-17,active,6906.51
ACC000219,CUST000059,savings,AUD,2023-01-21,active,2343.88
ACC000220,CUST000188,transaction,AUD,2025-12-07,active,9262.05
ACC000221,CUST000082,transaction,AUD,2023-11-16,active,4676.56
ACC000222,CUST000039,transaction,AUD,2019-05-17,active,2354.7
ACC000223,CUST000025,transaction,AUD,2023-10-21,active,2701.48
ACC000224,CUST000009,transaction,AUD,2018-06-06,active,1219.01
ACC000225,CUST000139,savings,AUD,2025-01-25,active,2527.69
ACC000226,CUST000135,savings,AUD,2023-09-08,active,3094.02
ACC000227,CUST000051,savings,AUD,2021-07-03,active,293.06
ACC000228,CUST000127,transaction,AUD,2017-04-20,active,3024.58
ACC000229,CUST000241,transaction,AUD,2023-01-18,active,8258.88
ACC000230,CUST000030,savings,AUD,2020-06-10,active,7806.08
ACC000231,CUST000214,transaction,AUD,2024-04-15,active,3329.62
ACC000232,CUST000035,savings,AUD,2024-04-23,dormant,257.01
ACC000233,CUST000114,transaction,AUD,2020-10-05,active,2310.9
ACC000234,CUST000049,savings,AUD,2022-11-30,active,1260.37
ACC000235,CUST000096,savings,AUD,2018-06-08,active,2072.3
ACC000236,CUST000208,transaction,AUD,2022-12-29,active,2652.13
ACC000237,CUST000073,savings,AUD,2026-01-03,active,1391.34
ACC000238,CUST000105,transaction,AUD,2022-11-05,active,4525.45
ACC000239,CUST000041,transaction,AUD,2017-10-10,active,5613.1
ACC000240,CUST000079,transaction,AUD,2023-07-08,active,2172.87
ACC000241,CUST000194,transaction,AUD,2021-06-09,active,13791.1
ACC000242,CUST000162,transaction,AUD,2019-12-22,active,6311.46
ACC000243,CUST000086,transaction,AUD,2018-10-28,active,1180.23
ACC000244,CUST000054,transaction,AUD,2024-06-24,active,794.3
ACC000245,CUST000027,transaction,AUD,2018-04-21,active,1555.32
ACC000246,CUST000106,transaction,AUD,2020-05-08,active,1237.06
ACC000247,CUST000132,transaction,AUD,2017-02-08,active,1827.9
ACC000248,CUST000090,savings,AUD,2017-08-09,active,210.25
ACC000249,CUST000189,transaction,AUD,2022-06-02,active,902.02
ACC000250,CUST000027,savings,AUD,2020-11-20,active,10835.29
ACC000251,CUST000173,savings,AUD,2018-11-20,active,5033.9
ACC000252,CUST000132,transaction,AUD,2026-05-08,active,5216.28
ACC000253,CUST000229,transaction,AUD,2020-03-27,dormant,912.21
ACC000254,CUST000202,transaction,AUD,2017-11-29,dormant,3250.31
ACC000255,CUST000202,transaction,AUD,2026-03-04,active,5273.96
ACC000256,CUST000100,transaction,AUD,2020-04-08,active,10689.11
ACC000257,CUST000008,transaction,AUD,2020-06-01,active,8474.97
ACC000258,CUST000148,transaction,AUD,2020-09-15,active,488.97
ACC000259,CUST000183,transaction,AUD,2022-05-02,active,13585.97
ACC000260,CUST000098,transaction,AUD,2019-04-03,active,1443.19
ACC000261,CUST000093,transaction,AUD,2016-10-16,active,16977.56
ACC000262,CUST000081,transaction,AUD,2021-06-17,active,3285.96
ACC000263,CUST000216,transaction,AUD,2019-03-17,active,2655.8
ACC000264,CUST000054,savings,AUD,2018-12-15,active,5711.57
ACC000265,CUST000027,transaction,AUD,2025-12-07,active,2048.89
ACC000266,CUST000168,savings,AUD,2021-01-03,active,3051.4
ACC000267,CUST000155,transaction,AUD,2019-09-18,active,2396.99
ACC000268,CUST000010,savings,AUD,2018-08-13,active,397.78
ACC000269,CUST000051,transaction,AUD,2017-03-08,active,791.24
ACC000270,CUST000117,savings,AUD,2018-12-26,active,6796.75
ACC000271,CUST000015,transaction,AUD,2016-12-30,active,354.53
ACC000272,CUST000068,transaction,AUD,2022-11-03,active,616.7
ACC000273,CUST000198,transaction,AUD,2020-10-16,active,3144.72
ACC000274,CUST000214,transaction,AUD,2022-04-02,active,5509.73
ACC000275,CUST000127,transaction,AUD,2017-01-05,dormant,1100.57
ACC000276,CUST000121,transaction,AUD,2019-09-16,active,2105.85
ACC000277,CUST000033,savings,AUD,2021-04-04,active,4464.69
ACC000278,CUST000030,transaction,AUD,2017-08-20,active,2433.43
ACC000279,CUST000236,transaction,AUD,2018-11-25,active,1393.38
ACC000280,CUST000131,transaction,AUD,2023-11-27,active,624.6
ACC000281,CUST000035,transaction,AUD,2025-09-10,active,608.56
ACC000282,CUST000011,transaction,AUD,2018-09-05,active,455.78
ACC000283,CUST000047,savings,AUD,2017-10-28,active,4500.63
ACC000284,CUST000025,savings,AUD,2024-11-05,active,5755.37
ACC000285,CUST000248,transaction,AUD,2024-05-15,active,4572.41
ACC000286,CUST000218,transaction,AUD,2022-11-26,active,1061.67
ACC000287,CUST000120,transaction,AUD,2025-06-23,active,7449.71
ACC000288,CUST000240,savings,AUD,2018-08-07,active,5230.56
ACC000289,CUST000191,transaction,AUD,2024-06-07,active,20190.24
ACC000290,CUST000210,transaction,AUD,2025-04-25,active,1795.24
ACC000291,CUST000218,transaction,AUD,2020-07-06,active,7452.55
ACC000292,CUST000142,savings,AUD,2017-06-25,active,2039.2
ACC000293,CUST000129,savings,AUD,2025-08-13,active,10359.25
ACC000294,CUST000072,savings,AUD,2021-11-16,active,6830.28
ACC000295,CUST000155,savings,AUD,2024-07-15,active,4292.11
ACC000296,CUST000211,transaction,AUD,2017-04-10,active,3988.74
ACC000297,CUST000054,savings,AUD,2017-10-11,active,2170.17
ACC000298,CUST000243,transaction,AUD,2024-11-22,active,3275.36
ACC000299,CUST000029,transaction,AUD,2023-07-30,active,1192.94
ACC000300,CUST000023,savings,AUD,2023-12-30,active,1732.71
ACC000301,CUST000079,transaction,AUD,2018-07-31,dormant,5446.09
ACC000302,CUST000040,transaction,AUD,2025-01-31,active,727.91
ACC000303,CUST000011,transaction,AUD,2024-04-16,active,1823.19
ACC000304,CUST000060,transaction,AUD,2017-12-29,active,3850.3
ACC000305,CUST000066,transaction,AUD,2018-02-13,active,1960.89
ACC000306,CUST000135,transaction,AUD,2022-03-23,active,10518.99
ACC000307,CUST000032,transaction,AUD,2019-04-08,active,8066.62
ACC000308,CUST000087,savings,AUD,2017-11-11,active,2398.92
ACC000309,CUST000031,transaction,AUD,2018-11-22,active,3573.55
ACC000310,CUST000136,transaction,AUD,2021-06-03,active,7488.7
ACC000311,CUST000192,transaction,AUD,2026-01-27,active,1177.34
ACC000312,CUST000181,transaction,AUD,2022-04-11,active,3777.99
ACC000313,CUST000008,transaction,AUD,2023-03-23,dormant,856.35
ACC000314,CUST000128,transaction,AUD,2025-10-08,active,4275.22
ACC000315,CUST000184,transaction,AUD,2021-10-05,active,3984.0
ACC000316,CUST000149,savings,AUD,2024-06-18,active,2193.9
ACC000317,CUST000071,transaction,AUD,2025-05-06,active,2683.23
ACC000318,CUST000119,savings,AUD,2024-01-24,active,2659.23
ACC000319,CUST000049,transaction,AUD,2018-06-07,active,4261.26
ACC000320,CUST000215,transaction,AUD,2018-09-09,active,1269.33
ACC000321,CUST000150,savings,AUD,2026-02-14,active,823.54
ACC000322,CUST000107,transaction,AUD,2020-05-27,active,508.96
ACC000323,CUST000088,transaction,AUD,2024-01-23,active,310.94
ACC000324,CUST000033,savings,AUD,2024-06-04,active,24245.8
ACC000325,CUST000025,transaction,AUD,2020-08-18,active,4674.97
ACC000326,CUST000240,transaction,AUD,2023-10-14,active,4146.18
ACC000327,CUST000043,transaction,AUD,2022-07-06,active,755.21
ACC000328,CUST000178,transaction,AUD,2024-06-16,active,1609.55
ACC000329,CUST000096,transaction,AUD,2023-07-12,active,2093.07
ACC000330,CUST000032,transaction,AUD,2023-10-27,active,943.8
ACC000331,CUST000028,transaction,AUD,2018-05-12,active,1596.22
ACC000332,CUST000204,transaction,AUD,2022-01-23,active,2412.13
ACC000333,CUST000086,transaction,AUD,2024-01-02,active,21971.78
ACC000334,CUST000099,transaction,AUD,2022-01-22,active,5157.09
ACC000335,CUST000176,transaction,AUD,2021-01-29,active,3678.61
ACC000336,CUST000076,savings,AUD,2023-02-10,active,2175.09
ACC000337,CUST000006,savings,AUD,2019-05-05,active,2358.72
ACC000338,CUST000217,savings,AUD,2024-10-23,active,8768.13
ACC000339,CUST000191,transaction,AUD,2017-11-20,active,5526.34
ACC000340,CUST000021,transaction,AUD,2018-04-18,active,7954.39
ACC000341,CUST000161,transaction,AUD,2018-03-13,active,6305.79
ACC000342,CUST000210,savings,AUD,2018-05-01,dormant,13580.21
ACC000343,CUST000030,transaction,AUD,2024-02-03,active,2683.94
ACC000344,CUST000223,transaction,AUD,2018-05-22,active,502.33
ACC000345,CUST000249,transaction,AUD,2023-01-31,active,622.0
ACC000346,CUST000140,transaction,AUD,2018-12-16,active,2068.4
ACC000347,CUST000015,transaction,AUD,2026-03-18,active,6448.05
ACC000348,CUST000209,savings,AUD,2017-10-06,active,2014.17
ACC000349,CUST000193,transaction,AUD,2026-04-19,active,1164.19
ACC000350,CUST000036,transaction,AUD,2026-04-20,active,3505.4
