alert_id,transaction_id,transaction_timestamp,customer_id,account_id,amount,currency,transaction_type,channel,country,beneficiary_id,device_id,risk_score,alert_severity,reason_codes,is_fraud,fraud_scenario,evaluation_result
ALERT000001,TXN00007850,2026-08-13 09:51:54+00:00,CUST000104,ACC000125,11740.08,AUD,bank_transfer,internet_banking,GB,BEN000388,DEV-ATO-003,100,Critical,Amount significantly above customer baseline | Transaction from an untrusted device | Transaction originated outside Australia | Transaction uses most of the available balance,1,account_takeover,true_positive
ALERT000002,TXN00002535,2026-09-09 09:23:41+00:00,CUST000220,ACC000063,10661.43,AUD,bank_transfer,internet_banking,HK,BEN000790,DEV-ATO-007,100,Critical,Amount significantly above customer baseline | Transaction from an untrusted device | Transaction originated outside Australia | Transaction uses most of the available balance,1,account_takeover,true_positive
ALERT000003,TXN00009340,2026-09-21 00:21:09+00:00,CUST000004,ACC000013,10658.08,AUD,bank_transfer,internet_banking,SG,BEN000018,DEV-ATO-008,100,Critical,Amount significantly above customer baseline | Transaction from an untrusted device | Transaction originated outside Australia | Transaction uses most of the available balance,1,account_takeover,true_positive
ALERT000004,TXN00005538,2026-09-28 05:33:28+00:00,CUST000054,ACC000264,10271.19,AUD,bank_transfer,internet_banking,SG,BEN000211,DEV-ATO-022,100,Critical,Amount significantly above customer baseline | Transaction from an untrusted device | Transaction originated outside Australia | Transaction uses most of the available balance,1,account_takeover,true_positive
ALERT000005,TXN00002524,2026-09-01 10:15:52+00:00,CUST000022,ACC000082,9778.87,AUD,bank_transfer,internet_banking,SG,BEN000089,DEV-ATO-025,100,Critical,Amount significantly above customer baseline | Transaction from an untrusted device | Transaction originated outside Australia | Transaction uses most of the available balance,1,account_takeover,true_positive
ALERT000006,TXN00006012,2026-08-27 08:10:53+00:00,CUST000046,ACC000167,9641.32,AUD,bank_transfer,internet_banking,US,BEN000180,DEV-ATO-012,100,Critical,Amount significantly above customer baseline | Transaction from an untrusted device | Transaction originated outside Australia | Transaction uses most of the available balance,1,account_takeover,true_positive
ALERT000007,TXN00009846,2026-08-23 06:55:13+00:00,CUST000071,ACC000317,9464.39,AUD,bank_transfer,internet_banking,GB,BEN000263,DEV-ATO-002,100,Critical,Amount significantly above customer baseline | Transaction from an untrusted device | Transaction originated outside Australia | Transaction uses most of the available balance,1,account_takeover,true_positive
ALERT000008,TXN00004217,2026-09-17 01:19:49+00:00,CUST000090,ACC000248,9358.51,AUD,bank_transfer,internet_banking,HK,BEN000337,DEV-ATO-006,100,Critical,Amount significantly above customer baseline | Transaction from an untrusted device | Transaction originated outside Australia | Transaction uses most of the available balance,1,account_takeover,true_positive
ALERT000009,TXN00002467,2026-09-12 21:47:32+00:00,CUST000173,ACC000027,9077.75,AUD,bank_transfer,internet_banking,SG,BEN000621,DEV-ATO-016,100,Critical,Amount significantly above customer baseline | Transaction from an untrusted device | Transaction originated outside Australia | Transaction uses most of the available balance,1,account_takeover,true_positive
ALERT000010,TXN00006211,2026-08-28 08:26:25+00:00,CUST000087,ACC000089,8473.66,AUD,bank_transfer,internet_banking,GB,BEN000327,DEV-ATO-017,100,Critical,Amount significantly above customer baseline | Transaction from an untrusted device | Transaction originated outside Australia | Transaction uses most of the available balance,1,account_takeover,true_positive
ALERT000011,TXN00008289,2026-08-06 17:30:35+00:00,CUST000010,ACC000268,7768.77,AUD,bank_transfer,internet_banking,GB,BEN000042,DEV-ATO-015,100,Critical,Amount significantly above customer baseline | Transaction from an untrusted device | Transaction originated outside Australia | Transaction uses most of the available balance | Transaction occurred during an unusual local hour,1,account_takeover,true_positive
ALERT000012,TXN00008887,2026-09-16 21:12:48+00:00,CUST000114,ACC000233,7756.45,AUD,bank_transfer,internet_banking,US,BEN000423,DEV-ATO-004,100,Critical,Amount significantly above customer baseline | Transaction from an untrusted device | Transaction originated outside Australia | Transaction uses most of the available balance,1,account_takeover,true_positive
ALERT000013,TXN00002509,2026-09-11 15:34:02+00:00,CUST000043,ACC000327,7733.77,AUD,bank_transfer,internet_banking,SG,BEN000169,DEV-ATO-001,100,Critical,Amount significantly above customer baseline | Transaction from an untrusted device | Transaction originated outside Australia | Transaction uses most of the available balance | Transaction occurred during an unusual local hour,1,account_takeover,true_positive
ALERT000014,TXN00001661,2026-09-01 23:51:19+00:00,CUST000197,ACC000029,7671.33,AUD,bank_transfer,internet_banking,US,BEN000708,DEV-ATO-013,100,Critical,Amount significantly above customer baseline | Transaction from an untrusted device | Transaction originated outside Australia | Transaction uses most of the available balance,1,account_takeover,true_positive
ALERT000015,TXN00007272,2026-08-27 00:23:43+00:00,CUST000114,ACC000233,7268.23,AUD,bank_transfer,internet_banking,SG,BEN000422,DEV-ATO-019,100,Critical,Amount significantly above customer baseline | Transaction from an untrusted device | Transaction originated outside Australia | Transaction uses most of the available balance,1,account_takeover,true_positive
ALERT000016,TXN00005444,2026-09-20 00:48:43+00:00,CUST000207,ACC000008,7251.09,AUD,bank_transfer,internet_banking,GB,BEN000736,DEV-ATO-023,100,Critical,Amount significantly above customer baseline | Transaction from an untrusted device | Transaction originated outside Australia | Transaction uses most of the available balance,1,account_takeover,true_positive
ALERT000017,TXN00000059,2026-09-15 14:25:37+00:00,CUST000064,ACC000152,7099.83,AUD,bank_transfer,internet_banking,US,BEN000239,DEV-ATO-009,100,Critical,Amount significantly above customer baseline | Transaction from an untrusted device | Transaction originated outside Australia | Transaction uses most of the available balance | Transaction occurred during an unusual local hour,1,account_takeover,true_positive
ALERT000018,TXN00003419,2026-09-25 12:31:09+00:00,CUST000139,ACC000130,6348.75,AUD,bank_transfer,internet_banking,HK,BEN000508,DEV-ATO-021,100,Critical,Amount significantly above customer baseline | Transaction from an untrusted device | Transaction originated outside Australia | Transaction uses most of the available balance,1,account_takeover,true_positive
ALERT000019,TXN00000270,2026-08-12 03:37:36+00:00,CUST000010,ACC000032,5039.37,AUD,bank_transfer,internet_banking,SG,BEN000045,DEV-ATO-005,100,Critical,Amount significantly above customer baseline | Transaction from an untrusted device | Transaction originated outside Australia | Transaction uses most of the available balance,1,account_takeover,true_positive
ALERT000020,TXN00009648,2026-09-14 03:09:58+00:00,CUST000027,ACC000265,4916.24,AUD,bank_transfer,internet_banking,SG,BEN000107,DEV-ATO-014,100,Critical,Amount significantly above customer baseline | Transaction from an untrusted device | Transaction originated outside Australia | Transaction uses most of the available balance,1,account_takeover,true_positive
ALERT000021,TXN00005452,2026-08-07 03:27:15+00:00,CUST000204,ACC000096,4181.7,AUD,bank_transfer,internet_banking,HK,BEN000728,DEV-ATO-024,100,Critical,Amount significantly above customer baseline | Transaction from an untrusted device | Transaction originated outside Australia | Transaction uses most of the available balance,1,account_takeover,true_positive
ALERT000022,TXN00008036,2026-08-06 14:30:38+00:00,CUST000074,ACC000052,4058.9,AUD,bank_transfer,internet_banking,SG,BEN000274,DEV-ATO-011,100,Critical,Amount significantly above customer baseline | Transaction from an untrusted device | Transaction originated outside Australia | Transaction uses most of the available balance | Transaction occurred during an unusual local hour,1,account_takeover,true_positive
ALERT000023,TXN00003367,2026-08-01 21:54:57+00:00,CUST000133,ACC000077,3881.81,AUD,bank_transfer,internet_banking,AU,BEN-MULE-020,DEV000274,100,Critical,Amount significantly above customer baseline | Beneficiary was recently added | Beneficiary account receives funds from many customers,1,mule_account_activity,true_positive
ALERT000024,TXN00003056,2026-08-06 04:16:03+00:00,CUST000061,ACC000204,3844.68,AUD,bank_transfer,mobile_banking,AU,BEN-MULE-011,DEV000128,100,Critical,Amount significantly above customer baseline | Beneficiary was recently added | Beneficiary account receives funds from many customers,1,mule_account_activity,true_positive
ALERT000025,TXN00003490,2026-08-02 06:37:58+00:00,CUST000140,ACC000115,3765.58,AUD,bank_transfer,mobile_banking,AU,BEN-MULE-022,DEV000283,100,Critical,Amount significantly above customer baseline | Beneficiary was recently added | Beneficiary account receives funds from many customers,1,mule_account_activity,true_positive
ALERT000026,TXN00009520,2026-08-01 04:56:00+00:00,CUST000030,ACC000278,3746.47,AUD,bank_transfer,mobile_banking,AU,BEN-MULE-006,DEV000057,100,Critical,Amount significantly above customer baseline | Beneficiary was recently added | Beneficiary account receives funds from many customers | Transaction uses most of the available balance,1,mule_account_activity,true_positive
ALERT000027,TXN00003883,2026-08-07 03:03:48+00:00,CUST000161,ACC000341,3736.83,AUD,bank_transfer,internet_banking,AU,BEN-MULE-013,DEV000326,100,Critical,Amount significantly above customer baseline | Beneficiary was recently added | Beneficiary account receives funds from many customers,1,mule_account_activity,true_positive
ALERT000028,TXN00004000,2026-08-06 18:41:43+00:00,CUST000022,ACC000082,3315.26,AUD,bank_transfer,mobile_banking,AU,BEN-MULE-023,DEV000042,100,Critical,Amount significantly above customer baseline | Beneficiary was recently added | Beneficiary account receives funds from many customers | Transaction uses most of the available balance | Transaction occurred during an unusual local hour,1,mule_account_activity,true_positive
ALERT000029,TXN00005186,2026-08-07 03:53:37+00:00,CUST000077,ACC000057,3314.44,AUD,bank_transfer,internet_banking,AU,BEN-MULE-001,DEV000161,100,Critical,Amount significantly above customer baseline | Beneficiary was recently added | Beneficiary account receives funds from many customers | Transaction uses most of the available balance,1,mule_account_activity,true_positive
ALERT000030,TXN00004012,2026-08-01 08:57:00+00:00,CUST000130,ACC000166,3246.67,AUD,bank_transfer,mobile_banking,AU,BEN-MULE-025,DEV000268,100,Critical,Amount significantly above customer baseline | Beneficiary was recently added | Beneficiary account receives funds from many customers | Transaction uses most of the available balance,1,mule_account_activity,true_positive
ALERT000031,TXN00007618,2026-08-01 19:22:15+00:00,CUST000053,ACC000046,3086.44,AUD,bank_transfer,mobile_banking,AU,BEN-MULE-003,DEV000105,100,Critical,Amount significantly above customer baseline | Beneficiary was recently added | Beneficiary account receives funds from many customers | Transaction uses most of the available balance | Transaction occurred during an unusual local hour,1,mule_account_activity,true_positive
ALERT000032,TXN00002609,2026-08-01 11:45:23+00:00,CUST000098,ACC000059,3003.92,AUD,bank_transfer,internet_banking,AU,BEN-MULE-002,DEV000204,100,Critical,Amount significantly above customer baseline | Beneficiary was recently added | Beneficiary account receives funds from many customers | Transaction uses most of the available balance,1,mule_account_activity,true_positive
ALERT000033,TXN00004389,2026-08-05 06:56:34+00:00,CUST000204,ACC000019,2820.02,AUD,bank_transfer,internet_banking,AU,BEN-MULE-010,DEV000412,100,Critical,Amount significantly above customer baseline | Beneficiary was recently added | Beneficiary account receives funds from many customers,1,mule_account_activity,true_positive
ALERT000034,TXN00005209,2026-08-01 02:24:34+00:00,CUST000214,ACC000231,2718.91,AUD,bank_transfer,internet_banking,AU,BEN-MULE-016,DEV000430,100,Critical,Amount significantly above customer baseline | Beneficiary was recently added | Beneficiary account receives funds from many customers | Transaction uses most of the available balance,1,mule_account_activity,true_positive
ALERT000035,TXN00007950,2026-08-01 06:54:36+00:00,CUST000040,ACC000302,2586.15,AUD,bank_transfer,internet_banking,AU,BEN-MULE-021,DEV000080,100,Critical,Amount significantly above customer baseline | Beneficiary was recently added | Beneficiary account receives funds from many customers | Transaction uses most of the available balance,1,mule_account_activity,true_positive
ALERT000036,TXN00006324,2026-08-07 01:37:43+00:00,CUST000045,ACC000060,2443.19,AUD,bank_transfer,internet_banking,AU,BEN-MULE-015,DEV000092,100,Critical,Amount significantly above customer baseline | Beneficiary was recently added | Beneficiary account receives funds from many customers,1,mule_account_activity,true_positive
ALERT000037,TXN00003568,2026-08-03 12:13:08+00:00,CUST000054,ACC000297,2210.04,AUD,bank_transfer,internet_banking,AU,BEN-MULE-009,DEV000107,100,Critical,Amount significantly above customer baseline | Beneficiary was recently added | Beneficiary account receives funds from many customers | Transaction uses most of the available balance,1,mule_account_activity,true_positive
ALERT000038,TXN00007169,2026-08-16 17:35:12+00:00,CUST000164,ACC000092,2135.84,AUD,bank_transfer,mobile_banking,AU,BEN-MULE-024,DEV000334,100,Critical,Amount significantly above customer baseline | Beneficiary was recently added | Beneficiary account receives funds from many customers | Transaction occurred during an unusual local hour,1,mule_account_activity,true_positive
ALERT000039,TXN00003790,2026-08-05 03:43:38+00:00,CUST000238,ACC000182,1966.9,AUD,bank_transfer,mobile_banking,AU,BEN-MULE-019,DEV000477,100,Critical,Amount significantly above customer baseline | Beneficiary was recently added | Beneficiary account receives funds from many customers,1,mule_account_activity,true_positive
ALERT000040,TXN00002889,2026-08-01 21:31:43+00:00,CUST000223,ACC000344,1891.52,AUD,bank_transfer,mobile_banking,AU,BEN-MULE-007,DEV000446,100,Critical,Amount significantly above customer baseline | Beneficiary was recently added | Beneficiary account receives funds from many customers,1,mule_account_activity,true_positive
ALERT000041,TXN00004166,2026-08-01 15:12:37+00:00,CUST000213,ACC000006,1553.32,AUD,bank_transfer,mobile_banking,AU,BEN-MULE-008,DEV000429,100,Critical,Amount significantly above customer baseline | Beneficiary was recently added | Beneficiary account receives funds from many customers | Transaction occurred during an unusual local hour,1,mule_account_activity,true_positive
ALERT000042,TXN00004726,2026-08-06 05:22:48+00:00,CUST000036,ACC000061,1502.56,AUD,bank_transfer,mobile_banking,AU,BEN-MULE-012,DEV000072,100,Critical,Amount significantly above customer baseline | Beneficiary was recently added | Beneficiary account receives funds from many customers,1,mule_account_activity,true_positive
ALERT000043,TXN00003755,2026-08-08 18:38:49+00:00,CUST000091,ACC000003,5118.02,AUD,bank_transfer,internet_banking,SG,BEN000344,DEV-ATO-010,95,Critical,Amount significantly above customer baseline | Transaction from an untrusted device | Transaction originated outside Australia | Transaction occurred during an unusual local hour,1,account_takeover,true_positive
ALERT000044,TXN00006287,2026-08-31 16:39:48+00:00,CUST000068,ACC000005,4466.42,AUD,bank_transfer,internet_banking,SG,BEN000255,DEV-ATO-020,95,Critical,Amount significantly above customer baseline | Transaction from an untrusted device | Transaction originated outside Australia | Transaction occurred during an unusual local hour,1,account_takeover,true_positive
ALERT000045,TXN00003032,2026-08-06 16:01:47+00:00,CUST000218,ACC000286,8309.64,AUD,bank_transfer,mobile_banking,AU,BEN-SCAM-005,DEV000439,90,Critical,Amount significantly above customer baseline | Beneficiary was recently added | Transaction uses most of the available balance | Transaction occurred during an unusual local hour,1,new_beneficiary_scam,true_positive
ALERT000046,TXN00001371,2026-09-16 06:29:18+00:00,CUST000089,ACC000153,7493.74,AUD,bank_transfer,internet_banking,GB,BEN000334,DEV-ATO-018,90,Critical,Amount significantly above customer baseline | Transaction from an untrusted device | Transaction originated outside Australia,1,account_takeover,true_positive
ALERT000047,TXN00000527,2026-08-10 17:48:36+00:00,CUST000068,ACC000212,6457.94,AUD,bank_transfer,mobile_banking,AU,BEN-SCAM-014,DEV000139,90,Critical,Amount significantly above customer baseline | Beneficiary was recently added | Transaction uses most of the available balance | Transaction occurred during an unusual local hour,1,new_beneficiary_scam,true_positive
ALERT000048,TXN00001646,2026-08-21 16:02:32+00:00,CUST000104,ACC000041,6024.65,AUD,bank_transfer,mobile_banking,AU,BEN-SCAM-007,DEV000218,90,Critical,Amount significantly above customer baseline | Beneficiary was recently added | Transaction uses most of the available balance | Transaction occurred during an unusual local hour,1,new_beneficiary_scam,true_positive
ALERT000049,TXN00006976,2026-08-31 14:33:11+00:00,CUST000093,ACC000217,4194.15,AUD,bank_transfer,mobile_banking,AU,BEN-SCAM-019,DEV000192,90,Critical,Amount significantly above customer baseline | Beneficiary was recently added | Transaction uses most of the available balance | Transaction occurred during an unusual local hour,1,new_beneficiary_scam,true_positive
ALERT000050,TXN00001024,2026-08-22 19:26:39+00:00,CUST000210,ACC000048,3291.3,AUD,bank_transfer,mobile_banking,AU,BEN-SCAM-013,DEV000423,90,Critical,Amount significantly above customer baseline | Beneficiary was recently added | Transaction uses most of the available balance | Transaction occurred during an unusual local hour,1,new_beneficiary_scam,true_positive
ALERT000051,TXN00002657,2026-08-21 10:46:16+00:00,CUST000225,ACC000090,9709.91,AUD,bank_transfer,mobile_banking,AU,BEN-SCAM-025,DEV000452,85,Critical,Amount significantly above customer baseline | Beneficiary was recently added | Transaction uses most of the available balance,1,new_beneficiary_scam,true_positive
ALERT000052,TXN00000874,2026-09-11 13:25:16+00:00,CUST000019,ACC000065,9475.84,AUD,bank_transfer,mobile_banking,AU,BEN-SCAM-020,DEV000035,85,Critical,Amount significantly above customer baseline | Beneficiary was recently added | Transaction uses most of the available balance,1,new_beneficiary_scam,true_positive
ALERT000053,TXN00009611,2026-09-26 01:22:47+00:00,CUST000132,ACC000157,8996.3,AUD,bank_transfer,mobile_banking,AU,BEN-SCAM-004,DEV000273,85,Critical,Amount significantly above customer baseline | Beneficiary was recently added | Transaction uses most of the available balance,1,new_beneficiary_scam,true_positive
ALERT000054,TXN00008919,2026-08-08 06:07:59+00:00,CUST000039,ACC000222,8036.24,AUD,bank_transfer,mobile_banking,AU,BEN-SCAM-006,DEV000078,85,Critical,Amount significantly above customer baseline | Beneficiary was recently added | Transaction uses most of the available balance,1,new_beneficiary_scam,true_positive
ALERT000055,TXN00009916,2026-08-10 09:48:40+00:00,CUST000038,ACC000103,7548.93,AUD,bank_transfer,mobile_banking,AU,BEN-SCAM-010,DEV000077,85,Critical,Amount significantly above customer baseline | Beneficiary was recently added | Transaction uses most of the available balance,1,new_beneficiary_scam,true_positive
ALERT000056,TXN00001850,2026-09-11 12:01:12+00:00,CUST000028,ACC000112,7391.16,AUD,bank_transfer,mobile_banking,AU,BEN-SCAM-008,DEV000054,85,Critical,Amount significantly above customer baseline | Beneficiary was recently added | Transaction uses most of the available balance,1,new_beneficiary_scam,true_positive
ALERT000057,TXN00004813,2026-09-27 10:43:15+00:00,CUST000087,ACC000089,7136.41,AUD,bank_transfer,mobile_banking,AU,BEN-SCAM-023,DEV000183,85,Critical,Amount significantly above customer baseline | Beneficiary was recently added | Transaction uses most of the available balance,1,new_beneficiary_scam,true_positive
ALERT000058,TXN00002630,2026-09-06 21:05:34+00:00,CUST000019,ACC000065,7054.54,AUD,bank_transfer,mobile_banking,AU,BEN-SCAM-002,DEV000035,85,Critical,Amount significantly above customer baseline | Beneficiary was recently added | Transaction uses most of the available balance,1,new_beneficiary_scam,true_positive
ALERT000059,TXN00008677,2026-08-11 01:56:31+00:00,CUST000105,ACC000238,5910.65,AUD,bank_transfer,mobile_banking,AU,BEN-SCAM-012,DEV000221,85,Critical,Amount significantly above customer baseline | Beneficiary was recently added | Transaction uses most of the available balance,1,new_beneficiary_scam,true_positive
ALERT000060,TXN00001436,2026-08-31 07:26:36+00:00,CUST000059,ACC000151,5428.09,AUD,bank_transfer,mobile_banking,AU,BEN-SCAM-022,DEV000122,85,Critical,Amount significantly above customer baseline | Beneficiary was recently added | Transaction uses most of the available balance,1,new_beneficiary_scam,true_positive
ALERT000061,TXN00003948,2026-09-08 00:35:50+00:00,CUST000159,ACC000088,5141.7,AUD,bank_transfer,mobile_banking,AU,BEN-SCAM-001,DEV000321,85,Critical,Amount significantly above customer baseline | Beneficiary was recently added | Transaction uses most of the available balance,1,new_beneficiary_scam,true_positive
ALERT000062,TXN00006907,2026-08-29 00:12:36+00:00,CUST000210,ACC000048,4237.41,AUD,bank_transfer,mobile_banking,AU,BEN-SCAM-003,DEV000423,85,Critical,Amount significantly above customer baseline | Beneficiary was recently added | Transaction uses most of the available balance,1,new_beneficiary_scam,true_positive
ALERT000063,TXN00008705,2026-09-23 10:04:54+00:00,CUST000036,ACC000350,4011.67,AUD,bank_transfer,mobile_banking,AU,BEN-SCAM-016,DEV000072,85,Critical,Amount significantly above customer baseline | Beneficiary was recently added | Transaction uses most of the available balance,1,new_beneficiary_scam,true_positive
ALERT000064,TXN00009376,2026-09-11 01:49:10+00:00,CUST000210,ACC000128,3723.82,AUD,bank_transfer,mobile_banking,AU,BEN-SCAM-017,DEV000423,85,Critical,Amount significantly above customer baseline | Beneficiary was recently added | Transaction uses most of the available balance,1,new_beneficiary_scam,true_positive
ALERT000065,TXN00006854,2026-08-19 04:27:01+00:00,CUST000097,ACC000143,3591.11,AUD,bank_transfer,mobile_banking,AU,BEN-SCAM-011,DEV000202,85,Critical,Amount significantly above customer baseline | Beneficiary was recently added | Transaction uses most of the available balance,1,new_beneficiary_scam,true_positive
ALERT000066,TXN00004164,2026-08-31 09:20:14+00:00,CUST000127,ACC000275,3159.63,AUD,bank_transfer,mobile_banking,AU,BEN-SCAM-024,DEV000263,85,Critical,Amount significantly above customer baseline | Beneficiary was recently added | Transaction uses most of the available balance,1,new_beneficiary_scam,true_positive
ALERT000067,TXN00004850,2026-09-26 16:45:00+00:00,CUST000133,ACC000164,2419.93,AUD,bank_transfer,mobile_banking,AU,BEN000485,DEV000274,85,Critical,Amount significantly above customer baseline | Multiple transactions within ten minutes | Transaction uses most of the available balance | Transaction occurred during an unusual local hour,1,rapid_payment_burst,true_positive
ALERT000068,TXN00007350,2026-09-26 16:41:00+00:00,CUST000133,ACC000164,2174.03,AUD,bank_transfer,mobile_banking,AU,BEN000486,DEV000274,85,Critical,Amount significantly above customer baseline | Multiple transactions within ten minutes | Transaction uses most of the available balance | Transaction occurred during an unusual local hour,1,rapid_payment_burst,true_positive
ALERT000069,TXN00003772,2026-08-15 16:00:44+00:00,CUST000249,ACC000345,958.7,AUD,bank_transfer,mobile_banking,AU,BEN-MULE-004,DEV000497,85,Critical,Beneficiary was recently added | Beneficiary account receives funds from many customers | Transaction occurred during an unusual local hour,1,mule_account_activity,true_positive
ALERT000070,TXN00008199,2026-08-25 12:49:00+00:00,CUST000127,ACC000275,2487.04,AUD,bank_transfer,mobile_banking,AU,BEN000464,DEV000262,80,Critical,Amount significantly above customer baseline | Multiple transactions within ten minutes | Transaction uses most of the available balance,1,rapid_payment_burst,true_positive
ALERT000071,TXN00005649,2026-08-25 12:51:00+00:00,CUST000127,ACC000275,2315.85,AUD,bank_transfer,mobile_banking,AU,BEN000468,DEV000261,80,Critical,Amount significantly above customer baseline | Multiple transactions within ten minutes | Transaction uses most of the available balance,1,rapid_payment_burst,true_positive
ALERT000072,TXN00004448,2026-08-10 12:27:00+00:00,CUST000193,ACC000145,2204.7,AUD,bank_transfer,mobile_banking,AU,BEN000696,DEV000393,80,Critical,Amount significantly above customer baseline | Multiple transactions within ten minutes | Transaction uses most of the available balance,1,rapid_payment_burst,true_positive
ALERT000073,TXN00003905,2026-08-02 00:45:21+00:00,CUST000141,ACC000094,991.19,AUD,bank_transfer,internet_banking,AU,BEN-MULE-018,DEV000288,80,Critical,Beneficiary was recently added | Beneficiary account receives funds from many customers,1,mule_account_activity,true_positive
ALERT000074,TXN00009312,2026-08-02 10:23:25+00:00,CUST000123,ACC000070,933.14,AUD,bank_transfer,mobile_banking,AU,BEN-MULE-005,DEV000257,80,Critical,Beneficiary was recently added | Beneficiary account receives funds from many customers,1,mule_account_activity,true_positive
ALERT000075,TXN00005591,2026-08-01 05:17:56+00:00,CUST000191,ACC000289,870.64,AUD,bank_transfer,mobile_banking,AU,BEN-MULE-017,DEV000388,80,Critical,Beneficiary was recently added | Beneficiary account receives funds from many customers,1,mule_account_activity,true_positive
ALERT000076,TXN00006305,2026-08-02 08:39:57+00:00,CUST000105,ACC000188,587.01,AUD,bank_transfer,mobile_banking,AU,BEN-MULE-014,DEV000220,80,Critical,Beneficiary was recently added | Beneficiary account receives funds from many customers,1,mule_account_activity,true_positive
ALERT000077,TXN00003441,2026-08-23 19:33:58+00:00,CUST000061,ACC000204,7113.51,AUD,bank_transfer,mobile_banking,AU,BEN-SCAM-018,DEV000127,75,Critical,Amount significantly above customer baseline | Beneficiary was recently added | Transaction occurred during an unusual local hour,1,new_beneficiary_scam,true_positive
ALERT000078,TXN00009111,2026-09-12 15:58:26+00:00,CUST000213,ACC000006,7088.69,AUD,bank_transfer,mobile_banking,AU,BEN-SCAM-009,DEV000429,75,Critical,Amount significantly above customer baseline | Beneficiary was recently added | Transaction occurred during an unusual local hour,1,new_beneficiary_scam,true_positive
ALERT000079,TXN00003147,2026-08-15 07:09:02+00:00,CUST000061,ACC000204,7067.43,AUD,bank_transfer,mobile_banking,AU,BEN-SCAM-021,DEV000129,70,High,Amount significantly above customer baseline | Beneficiary was recently added,1,new_beneficiary_scam,true_positive
ALERT000080,TXN00001638,2026-08-27 21:35:15+00:00,CUST000093,ACC000261,5309.03,AUD,bank_transfer,mobile_banking,AU,BEN-SCAM-015,DEV000192,70,High,Amount significantly above customer baseline | Beneficiary was recently added,1,new_beneficiary_scam,true_positive
ALERT000081,TXN00002808,2026-09-26 16:43:00+00:00,CUST000133,ACC000164,1339.14,AUD,bank_transfer,mobile_banking,AU,BEN000486,DEV000274,70,High,Amount significantly above customer baseline | Multiple transactions within ten minutes | Transaction occurred during an unusual local hour,1,rapid_payment_burst,true_positive
ALERT000082,TXN00005121,2026-08-07 21:17:00+00:00,CUST000239,ACC000168,2106.7,AUD,bank_transfer,mobile_banking,AU,BEN000858,DEV000479,65,High,Amount significantly above customer baseline | Multiple transactions within ten minutes,1,rapid_payment_burst,true_positive
ALERT000083,TXN00005071,2026-09-18 03:58:00+00:00,CUST000123,ACC000070,2069.54,AUD,bank_transfer,mobile_banking,AU,BEN000454,DEV000257,65,High,Amount significantly above customer baseline | Multiple transactions within ten minutes,1,rapid_payment_burst,true_positive
ALERT000084,TXN00001533,2026-08-07 21:15:00+00:00,CUST000239,ACC000168,2035.89,AUD,bank_transfer,mobile_banking,AU,BEN000859,DEV000479,65,High,Amount significantly above customer baseline | Multiple transactions within ten minutes,1,rapid_payment_burst,true_positive
ALERT000085,TXN00002729,2026-08-07 21:13:00+00:00,CUST000239,ACC000168,1921.02,AUD,bank_transfer,mobile_banking,AU,BEN000859,DEV000480,65,High,Amount significantly above customer baseline | Multiple transactions within ten minutes,1,rapid_payment_burst,true_positive
ALERT000086,TXN00006513,2026-08-10 12:23:00+00:00,CUST000193,ACC000145,1546.15,AUD,bank_transfer,mobile_banking,AU,BEN000697,DEV000393,65,High,Amount significantly above customer baseline | Multiple transactions within ten minutes,1,rapid_payment_burst,true_positive
ALERT000087,TXN00009407,2026-08-25 12:47:00+00:00,CUST000127,ACC000275,1539.67,AUD,bank_transfer,mobile_banking,AU,BEN000467,DEV000262,65,High,Amount significantly above customer baseline | Multiple transactions within ten minutes,1,rapid_payment_burst,true_positive
ALERT000088,TXN00001194,2026-09-18 03:54:00+00:00,CUST000123,ACC000070,1435.22,AUD,bank_transfer,mobile_banking,AU,BEN000453,DEV000257,65,High,Amount significantly above customer baseline | Multiple transactions within ten minutes,1,rapid_payment_burst,true_positive
ALERT000089,TXN00006355,2026-09-26 16:39:00+00:00,CUST000133,ACC000164,2210.64,AUD,bank_transfer,mobile_banking,AU,BEN000486,DEV000274,50,Medium,Amount significantly above customer baseline | Transaction uses most of the available balance | Transaction occurred during an unusual local hour,1,rapid_payment_burst,true_positive
ALERT000090,TXN00000302,2026-08-09 19:18:42+00:00,CUST000065,ACC000150,1268.12,AUD,bank_transfer,internet_banking,AU,BEN000244,DEV000135,50,Medium,Amount significantly above customer baseline | Transaction uses most of the available balance | Transaction occurred during an unusual local hour,0,,false_positive
ALERT000091,TXN00000685,2026-08-20 00:35:28+00:00,CUST000137,ACC000009,1884.2,AUD,bank_transfer,internet_banking,AU,BEN000502,DEV000279,45,Medium,Amount significantly above customer baseline | Transaction uses most of the available balance,0,,false_positive
ALERT000092,TXN00006036,2026-08-07 07:04:01+00:00,CUST000209,ACC000348,1855.66,AUD,bank_transfer,mobile_banking,AU,BEN000741,DEV000422,45,Medium,Amount significantly above customer baseline | Transaction uses most of the available balance,0,,false_positive
ALERT000093,TXN00005780,2026-08-18 07:09:37+00:00,CUST000104,ACC000125,1812.25,AUD,cash_withdrawal,atm,AU,,DEV000218,45,Medium,Amount significantly above customer baseline | Transaction uses most of the available balance,0,,false_positive
ALERT000094,TXN00007738,2026-09-12 09:03:34+00:00,CUST000153,ACC000030,1749.07,AUD,bank_transfer,mobile_banking,AU,BEN000557,DEV000312,45,Medium,Amount significantly above customer baseline | Transaction uses most of the available balance,0,,false_positive
ALERT000095,TXN00001268,2026-09-03 23:09:57+00:00,CUST000011,ACC000303,1663.54,AUD,bank_transfer,internet_banking,AU,BEN000046,DEV000022,45,Medium,Amount significantly above customer baseline | Transaction uses most of the available balance,0,,false_positive
ALERT000096,TXN00004196,2026-08-16 23:11:10+00:00,CUST000040,ACC000302,1649.75,AUD,card_purchase,ecommerce,AU,,DEV000080,45,Medium,Amount significantly above customer baseline | Transaction uses most of the available balance,0,,false_positive
ALERT000097,TXN00006444,2026-09-28 10:29:11+00:00,CUST000010,ACC000268,1326.78,AUD,card_purchase,point_of_sale,AU,,DEV000019,45,Medium,Amount significantly above customer baseline | Transaction uses most of the available balance,0,,false_positive
ALERT000098,TXN00006587,2026-09-20 01:49:13+00:00,CUST000019,ACC000065,1264.09,AUD,card_purchase,point_of_sale,AU,,DEV000035,45,Medium,Amount significantly above customer baseline | Transaction uses most of the available balance,0,,false_positive
ALERT000099,TXN00006229,2026-09-14 00:45:39+00:00,CUST000093,ACC000217,1218.42,AUD,card_purchase,point_of_sale,AU,,DEV000192,45,Medium,Amount significantly above customer baseline | Transaction uses most of the available balance,0,,false_positive
ALERT000100,TXN00009910,2026-09-13 07:23:03+00:00,CUST000238,ACC000182,1135.07,AUD,bank_transfer,internet_banking,AU,BEN000856,DEV000476,45,Medium,Amount significantly above customer baseline | Transaction uses most of the available balance,0,,false_positive
ALERT000101,TXN00000528,2026-08-15 06:48:03+00:00,CUST000009,ACC000224,1131.49,AUD,cash_withdrawal,atm,AU,,DEV000018,45,Medium,Amount significantly above customer baseline | Transaction uses most of the available balance,0,,false_positive
ALERT000102,TXN00009902,2026-09-25 01:48:08+00:00,CUST000192,ACC000311,1007.97,AUD,card_purchase,point_of_sale,AU,,DEV000391,45,Medium,Amount significantly above customer baseline | Transaction uses most of the available balance,0,,false_positive
