beneficiary_id,customer_id,beneficiary_account_id,beneficiary_country,date_added,beneficiary_status
BEN000001,CUST000001,EXTACC0000001,AU,2022-05-17,active
BEN000002,CUST000001,EXTACC0000002,AU,2025-08-03,active
BEN000003,CUST000001,EXTACC0000003,AU,2023-03-19,active
BEN000004,CUST000001,EXTACC0000004,AU,2025-07-12,active
BEN000005,CUST000001,EXTACC0000005,AU,2022-06-28,active
BEN000006,CUST000002,EXTACC0000006,AU,2024-06-17,active
BEN000007,CUST000002,EXTACC0000007,AU,2024-09-12,active
BEN000008,CUST000002,EXTACC0000008,AU,2022-04-18,active
BEN000009,CUST000002,EXTACC0000009,AU,2026-06-03,active
BEN000010,CUST000002,EXTACC0000010,AU,2026-05-10,active
BEN000011,CUST000003,EXTACC0000011,AU,2024-03-19,active
BEN000012,CUST000003,EXTACC0000012,AU,2024-04-17,active
BEN000013,CUST000003,EXTACC0000013,AU,2023-01-31,active
BEN000014,CUST000003,EXTACC0000014,AU,2023-03-23,active
BEN000015,CUST000003,EXTACC0000015,AU,2024-10-26,active
BEN000016,CUST000004,EXTACC0000016,AU,2026-01-26,active
BEN000017,CUST000004,EXTACC0000017,AU,2023-08-26,active
BEN000018,CUST000004,EXTACC0000018,AU,2022-10-11,active
BEN000019,CUST000004,EXTACC0000019,AU,2023-06-15,active
BEN000020,CUST000004,EXTACC0000020,AU,2022-12-04,active
BEN000021,CUST000005,EXTACC0000021,AU,2023-10-04,active
BEN000022,CUST000005,EXTACC0000022,AU,2025-12-11,active
BEN000023,CUST000005,EXTACC0000023,AU,2021-12-19,active
BEN000024,CUST000005,EXTACC0000024,AU,2024-10-24,active
BEN000025,CUST000006,EXTACC0000025,AU,2026-06-16,active
BEN000026,CUST000006,EXTACC0000026,AU,2024-11-18,active
BEN000027,CUST000007,EXTACC0000027,AU,2025-09-20,active
BEN000028,CUST000007,EXTACC0000028,AU,2026-06-08,active
BEN000029,CUST000007,EXTACC0000029,AU,2022-11-06,active
BEN000030,CUST000007,EXTACC0000030,AU,2022-06-23,active
BEN000031,CUST000007,EXTACC0000031,AU,2022-04-21,active
BEN000032,CUST000008,EXTACC0000032,AU,2024-05-16,active
BEN000033,CUST000008,EXTACC0000033,AU,2025-02-17,active
BEN000034,CUST000008,EXTACC0000034,AU,2025-10-25,active
BEN000035,CUST000008,EXTACC0000035,AU,2026-03-20,active
BEN000036,CUST000009,EXTACC0000036,AU,2025-03-28,active
BEN000037,CUST000009,EXTACC0000037,AU,2025-03-24,active
BEN000038,CUST000009,EXTACC0000038,AU,2022-05-16,active
BEN000039,CUST000009,EXTACC0000039,AU,2022-10-23,active
BEN000040,CUST000009,EXTACC0000040,AU,2024-06-09,active
BEN000041,CUST000010,EXTACC0000041,AU,2022-05-17,active
BEN000042,CUST000010,EXTACC0000042,AU,2025-07-28,active
BEN000043,CUST000010,EXTACC0000043,AU,2025-09-15,active
BEN000044,CUST000010,EXTACC0000044,AU,2026-02-22,active
BEN000045,CUST000010,EXTACC0000045,AU,2024-09-03,active
BEN000046,CUST000011,EXTACC0000046,AU,2022-11-01,active
BEN000047,CUST000011,EXTACC0000047,AU,2026-06-07,active
BEN000048,CUST000012,EXTACC0000048,AU,2023-04-17,active
BEN000049,CUST000012,EXTACC0000049,AU,2022-11-03,active
BEN000050,CUST000012,EXTACC0000050,AU,2025-06-04,active
BEN000051,CUST000013,EXTACC0000051,AU,2026-01-08,active
BEN000052,CUST000013,EXTACC0000052,AU,2022-03-20,active
BEN000053,CUST000014,EXTACC0000053,AU,2022-10-19,active
BEN000054,CUST000014,EXTACC0000054,AU,2026-02-24,active
BEN000055,CUST000015,EXTACC0000055,AU,2023-01-17,active
BEN000056,CUST000015,EXTACC0000056,AU,2024-04-30,active
BEN000057,CUST000015,EXTACC0000057,AU,2023-02-22,active
BEN000058,CUST000015,EXTACC0000058,AU,2023-02-14,active
BEN000059,CUST000015,EXTACC0000059,AU,2024-06-27,active
BEN000060,CUST000016,EXTACC0000060,AU,2023-08-30,active
BEN000061,CUST000016,EXTACC0000061,AU,2024-09-08,active
BEN000062,CUST000016,EXTACC0000062,AU,2026-02-27,active
BEN000063,CUST000016,EXTACC0000063,AU,2024-02-28,active
BEN000064,CUST000016,EXTACC0000064,AU,2022-06-01,active
BEN000065,CUST000017,EXTACC0000065,AU,2023-11-16,active
BEN000066,CUST000017,EXTACC0000066,AU,2023-05-31,active
BEN000067,CUST000017,EXTACC0000067,AU,2026-06-06,active
BEN000068,CUST000017,EXTACC0000068,AU,2024-01-29,active
BEN000069,CUST000017,EXTACC0000069,AU,2022-10-22,active
BEN000070,CUST000018,EXTACC0000070,AU,2024-04-26,active
BEN000071,CUST000018,EXTACC0000071,AU,2026-04-13,active
BEN000072,CUST000018,EXTACC0000072,AU,2022-07-16,active
BEN000073,CUST000018,EXTACC0000073,AU,2026-01-07,active
BEN000074,CUST000018,EXTACC0000074,AU,2023-03-06,active
BEN000075,CUST000019,EXTACC0000075,AU,2023-01-21,active
BEN000076,CUST000019,EXTACC0000076,AU,2023-03-14,active
BEN000077,CUST000019,EXTACC0000077,AU,2024-08-12,active
BEN000078,CUST000019,EXTACC0000078,AU,2026-07-16,active
BEN000079,CUST000020,EXTACC0000079,AU,2022-02-03,active
BEN000080,CUST000020,EXTACC0000080,AU,2021-12-26,active
BEN000081,CUST000020,EXTACC0000081,AU,2022-06-08,active
BEN000082,CUST000020,EXTACC0000082,AU,2022-02-17,active
BEN000083,CUST000021,EXTACC0000083,AU,2023-12-30,active
BEN000084,CUST000021,EXTACC0000084,AU,2023-07-15,active
BEN000085,CUST000021,EXTACC0000085,AU,2025-04-15,active
BEN000086,CUST000021,EXTACC0000086,AU,2022-01-01,active
BEN000087,CUST000021,EXTACC0000087,AU,2025-12-24,active
BEN000088,CUST000022,EXTACC0000088,AU,2026-05-21,active
BEN000089,CUST000022,EXTACC0000089,AU,2024-03-16,active
BEN000090,CUST000022,EXTACC0000090,AU,2024-04-24,active
BEN000091,CUST000022,EXTACC0000091,AU,2025-11-07,active
BEN000092,CUST000023,EXTACC0000092,AU,2023-10-29,active
BEN000093,CUST000023,EXTACC0000093,AU,2025-03-13,active
BEN000094,CUST000023,EXTACC0000094,AU,2024-04-10,active
BEN000095,CUST000023,EXTACC0000095,AU,2025-08-08,active
BEN000096,CUST000024,EXTACC0000096,AU,2022-05-13,active
BEN000097,CUST000024,EXTACC0000097,AU,2022-04-03,active
BEN000098,CUST000025,EXTACC0000098,AU,2023-02-02,active
BEN000099,CUST000025,EXTACC0000099,AU,2025-06-25,active
BEN000100,CUST000025,EXTACC0000100,AU,2025-04-12,active
BEN000101,CUST000025,EXTACC0000101,AU,2025-11-11,active
BEN000102,CUST000026,EXTACC0000102,AU,2025-09-10,active
BEN000103,CUST000026,EXTACC0000103,AU,2023-06-24,active
BEN000104,CUST000026,EXTACC0000104,AU,2024-08-20,active
BEN000105,CUST000026,EXTACC0000105,AU,2022-12-19,active
BEN000106,CUST000026,EXTACC0000106,AU,2024-05-27,active
BEN000107,CUST000027,EXTACC0000107,AU,2024-06-17,active
BEN000108,CUST000027,EXTACC0000108,AU,2024-09-06,active
BEN000109,CUST000027,EXTACC0000109,AU,2025-02-18,active
BEN000110,CUST000027,EXTACC0000110,AU,2022-11-09,active
BEN000111,CUST000028,EXTACC0000111,AU,2024-11-23,active
BEN000112,CUST000028,EXTACC0000112,AU,2026-02-14,active
BEN000113,CUST000028,EXTACC0000113,AU,2026-07-09,active
BEN000114,CUST000029,EXTACC0000114,AU,2022-08-24,active
BEN000115,CUST000029,EXTACC0000115,AU,2024-06-16,active
BEN000116,CUST000030,EXTACC0000116,AU,2023-10-20,active
BEN000117,CUST000030,EXTACC0000117,AU,2025-09-17,active
BEN000118,CUST000031,EXTACC0000118,AU,2022-10-14,active
BEN000119,CUST000031,EXTACC0000119,AU,2024-01-08,active
BEN000120,CUST000031,EXTACC0000120,AU,2025-07-26,active
BEN000121,CUST000031,EXTACC0000121,AU,2023-11-08,active
BEN000122,CUST000032,EXTACC0000122,AU,2022-12-10,active
BEN000123,CUST000032,EXTACC0000123,AU,2022-07-26,active
BEN000124,CUST000032,EXTACC0000124,AU,2022-03-05,active
BEN000125,CUST000032,EXTACC0000125,AU,2024-03-18,active
BEN000126,CUST000033,EXTACC0000126,AU,2025-01-04,active
BEN000127,CUST000033,EXTACC0000127,AU,2025-04-20,active
BEN000128,CUST000033,EXTACC0000128,AU,2023-11-09,active
BEN000129,CUST000033,EXTACC0000129,AU,2023-02-07,active
BEN000130,CUST000033,EXTACC0000130,AU,2024-07-12,active
BEN000131,CUST000034,EXTACC0000131,AU,2024-05-27,active
BEN000132,CUST000034,EXTACC0000132,AU,2023-05-11,active
BEN000133,CUST000034,EXTACC0000133,AU,2023-02-06,active
BEN000134,CUST000034,EXTACC0000134,AU,2025-12-25,active
BEN000135,CUST000034,EXTACC0000135,AU,2026-02-14,active
BEN000136,CUST000035,EXTACC0000136,AU,2025-09-18,active
BEN000137,CUST000035,EXTACC0000137,AU,2025-12-26,active
BEN000138,CUST000035,EXTACC0000138,AU,2024-05-14,active
BEN000139,CUST000036,EXTACC0000139,AU,2025-12-22,active
BEN000140,CUST000036,EXTACC0000140,AU,2021-12-10,active
BEN000141,CUST000036,EXTACC0000141,AU,2022-07-05,active
BEN000142,CUST000036,EXTACC0000142,AU,2025-02-01,active
BEN000143,CUST000036,EXTACC0000143,AU,2026-01-16,active
BEN000144,CUST000037,EXTACC0000144,AU,2025-08-19,active
BEN000145,CUST000037,EXTACC0000145,AU,2023-10-16,active
BEN000146,CUST000037,EXTACC0000146,AU,2023-07-29,active
BEN000147,CUST000037,EXTACC0000147,AU,2024-09-29,active
BEN000148,CUST000038,EXTACC0000148,AU,2022-02-27,active
BEN000149,CUST000038,EXTACC0000149,AU,2022-03-05,active
BEN000150,CUST000038,EXTACC0000150,AU,2024-02-20,active
BEN000151,CUST000039,EXTACC0000151,AU,2025-12-14,active
BEN000152,CUST000039,EXTACC0000152,AU,2025-09-30,active
BEN000153,CUST000039,EXTACC0000153,AU,2024-03-04,active
BEN000154,CUST000039,EXTACC0000154,AU,2026-04-23,active
BEN000155,CUST000039,EXTACC0000155,AU,2021-10-24,active
BEN000156,CUST000040,EXTACC0000156,AU,2022-08-28,active
BEN000157,CUST000040,EXTACC0000157,AU,2025-05-29,active
BEN000158,CUST000041,EXTACC0000158,AU,2022-11-19,active
BEN000159,CUST000041,EXTACC0000159,AU,2023-12-29,active
BEN000160,CUST000041,EXTACC0000160,AU,2024-11-08,active
BEN000161,CUST000041,EXTACC0000161,AU,2025-03-04,active
BEN000162,CUST000042,EXTACC0000162,AU,2024-11-08,active
BEN000163,CUST000042,EXTACC0000163,AU,2022-02-16,active
BEN000164,CUST000042,EXTACC0000164,AU,2025-02-24,active
BEN000165,CUST000042,EXTACC0000165,AU,2022-03-06,active
BEN000166,CUST000042,EXTACC0000166,AU,2026-07-10,active
BEN000167,CUST000043,EXTACC0000167,AU,2023-05-26,active
BEN000168,CUST000043,EXTACC0000168,AU,2024-10-29,active
BEN000169,CUST000043,EXTACC0000169,AU,2026-06-13,active
BEN000170,CUST000043,EXTACC0000170,AU,2024-03-13,active
BEN000171,CUST000044,EXTACC0000171,AU,2022-05-15,active
BEN000172,CUST000044,EXTACC0000172,AU,2025-01-11,active
BEN000173,CUST000044,EXTACC0000173,AU,2026-01-12,active
BEN000174,CUST000044,EXTACC0000174,AU,2025-07-29,active
BEN000175,CUST000044,EXTACC0000175,AU,2026-06-03,active
BEN000176,CUST000045,EXTACC0000176,AU,2024-02-15,active
BEN000177,CUST000045,EXTACC0000177,AU,2022-10-03,active
BEN000178,CUST000046,EXTACC0000178,AU,2022-11-02,active
BEN000179,CUST000046,EXTACC0000179,AU,2022-07-26,active
BEN000180,CUST000046,EXTACC0000180,AU,2025-02-03,active
BEN000181,CUST000046,EXTACC0000181,AU,2024-12-01,active
BEN000182,CUST000047,EXTACC0000182,AU,2024-08-17,active
BEN000183,CUST000047,EXTACC0000183,AU,2026-06-28,active
BEN000184,CUST000047,EXTACC0000184,AU,2024-11-07,active
BEN000185,CUST000047,EXTACC0000185,AU,2022-12-21,active
BEN000186,CUST000047,EXTACC0000186,AU,2023-06-09,active
BEN000187,CUST000048,EXTACC0000187,AU,2026-01-27,active
BEN000188,CUST000048,EXTACC0000188,AU,2025-02-27,active
BEN000189,CUST000048,EXTACC0000189,AU,2025-12-30,active
BEN000190,CUST000048,EXTACC0000190,AU,2022-02-01,active
BEN000191,CUST000049,EXTACC0000191,AU,2022-02-16,active
BEN000192,CUST000049,EXTACC0000192,AU,2022-01-27,active
BEN000193,CUST000049,EXTACC0000193,AU,2022-11-28,active
BEN000194,CUST000049,EXTACC0000194,AU,2024-07-29,active
BEN000195,CUST000049,EXTACC0000195,AU,2025-10-09,active
BEN000196,CUST000050,EXTACC0000196,AU,2026-02-28,active
BEN000197,CUST000050,EXTACC0000197,AU,2025-08-18,active
BEN000198,CUST000050,EXTACC0000198,AU,2023-01-04,active
BEN000199,CUST000051,EXTACC0000199,AU,2026-02-16,active
BEN000200,CUST000051,EXTACC0000200,AU,2022-12-07,active
BEN000201,CUST000051,EXTACC0000201,AU,2024-07-13,active
BEN000202,CUST000051,EXTACC0000202,AU,2024-06-14,active
BEN000203,CUST000052,EXTACC0000203,AU,2023-02-15,active
BEN000204,CUST000052,EXTACC0000204,AU,2025-01-31,active
BEN000205,CUST000052,EXTACC0000205,AU,2024-04-15,active
BEN000206,CUST000053,EXTACC0000206,AU,2024-08-09,active
BEN000207,CUST000053,EXTACC0000207,AU,2026-01-22,active
BEN000208,CUST000053,EXTACC0000208,AU,2026-01-29,active
BEN000209,CUST000053,EXTACC0000209,AU,2026-04-09,active
BEN000210,CUST000053,EXTACC0000210,AU,2025-11-28,active
BEN000211,CUST000054,EXTACC0000211,AU,2026-07-13,active
BEN000212,CUST000054,EXTACC0000212,AU,2024-04-17,active
BEN000213,CUST000055,EXTACC0000213,AU,2025-10-13,active
BEN000214,CUST000055,EXTACC0000214,AU,2021-11-19,active
BEN000215,CUST000055,EXTACC0000215,AU,2024-11-16,active
BEN000216,CUST000056,EXTACC0000216,AU,2024-07-24,active
BEN000217,CUST000056,EXTACC0000217,AU,2022-09-04,active
BEN000218,CUST000057,EXTACC0000218,AU,2025-04-15,active
BEN000219,CUST000057,EXTACC0000219,AU,2024-05-11,active
BEN000220,CUST000057,EXTACC0000220,AU,2021-12-20,active
BEN000221,CUST000057,EXTACC0000221,AU,2025-10-12,active
BEN000222,CUST000058,EXTACC0000222,AU,2024-01-01,active
BEN000223,CUST000058,EXTACC0000223,AU,2023-09-05,active
BEN000224,CUST000059,EXTACC0000224,AU,2022-03-07,active
BEN000225,CUST000059,EXTACC0000225,AU,2025-10-30,active
BEN000226,CUST000059,EXTACC0000226,AU,2023-03-12,active
BEN000227,CUST000060,EXTACC0000227,AU,2026-03-15,active
BEN000228,CUST000060,EXTACC0000228,AU,2024-12-23,active
BEN000229,CUST000060,EXTACC0000229,AU,2023-01-01,active
BEN000230,CUST000060,EXTACC0000230,AU,2023-10-21,active
BEN000231,CUST000060,EXTACC0000231,AU,2022-01-05,active
BEN000232,CUST000061,EXTACC0000232,AU,2022-09-05,active
BEN000233,CUST000061,EXTACC0000233,AU,2023-05-14,active
BEN000234,CUST000061,EXTACC0000234,AU,2021-11-26,active
BEN000235,CUST000062,EXTACC0000235,AU,2025-06-30,active
BEN000236,CUST000062,EXTACC0000236,AU,2024-05-30,active
BEN000237,CUST000063,EXTACC0000237,AU,2025-04-22,active
BEN000238,CUST000063,EXTACC0000238,AU,2023-01-12,active
BEN000239,CUST000064,EXTACC0000239,AU,2025-04-04,active
BEN000240,CUST000064,EXTACC0000240,AU,2023-06-24,active
BEN000241,CUST000065,EXTACC0000241,AU,2025-03-26,active
BEN000242,CUST000065,EXTACC0000242,AU,2026-01-05,active
BEN000243,CUST000065,EXTACC0000243,AU,2025-10-03,active
BEN000244,CUST000065,EXTACC0000244,AU,2022-04-10,active
BEN000245,CUST000065,EXTACC0000245,AU,2022-12-02,active
BEN000246,CUST000066,EXTACC0000246,AU,2026-02-26,active
BEN000247,CUST000066,EXTACC0000247,AU,2023-07-05,active
BEN000248,CUST000066,EXTACC0000248,AU,2026-07-07,active
BEN000249,CUST000066,EXTACC0000249,AU,2024-07-04,active
BEN000250,CUST000067,EXTACC0000250,AU,2025-10-24,active
BEN000251,CUST000067,EXTACC0000251,AU,2026-03-19,active
BEN000252,CUST000067,EXTACC0000252,AU,2024-12-12,active
BEN000253,CUST000067,EXTACC0000253,AU,2024-05-30,active
BEN000254,CUST000067,EXTACC0000254,AU,2023-03-21,active
BEN000255,CUST000068,EXTACC0000255,AU,2025-08-27,active
BEN000256,CUST000068,EXTACC0000256,AU,2026-04-12,active
BEN000257,CUST000069,EXTACC0000257,AU,2024-08-27,active
BEN000258,CUST000069,EXTACC0000258,AU,2026-05-23,active
BEN000259,CUST000069,EXTACC0000259,AU,2024-10-03,active
BEN000260,CUST000070,EXTACC0000260,AU,2023-12-29,active
BEN000261,CUST000070,EXTACC0000261,AU,2025-11-11,active
BEN000262,CUST000071,EXTACC0000262,AU,2023-05-19,active
BEN000263,CUST000071,EXTACC0000263,AU,2023-11-03,active
BEN000264,CUST000071,EXTACC0000264,AU,2024-02-12,active
BEN000265,CUST000072,EXTACC0000265,AU,2026-06-28,active
BEN000266,CUST000072,EXTACC0000266,AU,2024-04-13,active
BEN000267,CUST000072,EXTACC0000267,AU,2023-08-28,active
BEN000268,CUST000072,EXTACC0000268,AU,2024-04-10,active
BEN000269,CUST000073,EXTACC0000269,AU,2024-03-14,active
BEN000270,CUST000073,EXTACC0000270,AU,2023-07-04,active
BEN000271,CUST000073,EXTACC0000271,AU,2025-11-26,active
BEN000272,CUST000073,EXTACC0000272,AU,2024-06-10,active
BEN000273,CUST000073,EXTACC0000273,AU,2025-10-28,active
BEN000274,CUST000074,EXTACC0000274,AU,2024-09-16,active
BEN000275,CUST000074,EXTACC0000275,AU,2026-07-06,active
BEN000276,CUST000074,EXTACC0000276,AU,2024-01-26,active
BEN000277,CUST000075,EXTACC0000277,AU,2024-03-11,active
BEN000278,CUST000075,EXTACC0000278,AU,2022-10-12,active
BEN000279,CUST000075,EXTACC0000279,AU,2026-05-13,active
BEN000280,CUST000075,EXTACC0000280,AU,2024-12-21,active
BEN000281,CUST000075,EXTACC0000281,AU,2025-02-05,active
BEN000282,CUST000076,EXTACC0000282,AU,2024-09-05,active
BEN000283,CUST000076,EXTACC0000283,AU,2022-12-28,active
BEN000284,CUST000076,EXTACC0000284,AU,2024-03-19,active
BEN000285,CUST000076,EXTACC0000285,AU,2022-02-06,active
BEN000286,CUST000077,EXTACC0000286,AU,2024-03-10,active
BEN000287,CUST000077,EXTACC0000287,AU,2022-06-01,active
BEN000288,CUST000077,EXTACC0000288,AU,2024-09-09,active
BEN000289,CUST000078,EXTACC0000289,AU,2025-07-04,active
BEN000290,CUST000078,EXTACC0000290,AU,2023-12-04,active
BEN000291,CUST000078,EXTACC0000291,AU,2025-10-26,active
BEN000292,CUST000078,EXTACC0000292,AU,2023-07-25,active
BEN000293,CUST000078,EXTACC0000293,AU,2023-06-18,active
BEN000294,CUST000079,EXTACC0000294,AU,2026-04-29,active
BEN000295,CUST000079,EXTACC0000295,AU,2024-01-19,active
BEN000296,CUST000079,EXTACC0000296,AU,2026-07-11,active
BEN000297,CUST000080,EXTACC0000297,AU,2024-01-20,active
BEN000298,CUST000080,EXTACC0000298,AU,2022-11-29,active
BEN000299,CUST000081,EXTACC0000299,AU,2022-09-03,active
BEN000300,CUST000081,EXTACC0000300,AU,2023-10-12,active
BEN000301,CUST000081,EXTACC0000301,AU,2023-10-22,active
BEN000302,CUST000081,EXTACC0000302,AU,2022-03-05,active
BEN000303,CUST000081,EXTACC0000303,AU,2026-04-05,active
BEN000304,CUST000082,EXTACC0000304,AU,2023-08-31,active
BEN000305,CUST000082,EXTACC0000305,AU,2023-09-22,active
BEN000306,CUST000082,EXTACC0000306,AU,2022-03-11,active
BEN000307,CUST000082,EXTACC0000307,AU,2022-08-06,active
BEN000308,CUST000082,EXTACC0000308,AU,2025-04-05,active
BEN000309,CUST000083,EXTACC0000309,AU,2024-07-21,active
BEN000310,CUST000083,EXTACC0000310,AU,2025-10-05,active
BEN000311,CUST000084,EXTACC0000311,AU,2022-08-07,active
BEN000312,CUST000084,EXTACC0000312,AU,2022-11-30,active
BEN000313,CUST000084,EXTACC0000313,AU,2021-10-15,active
BEN000314,CUST000084,EXTACC0000314,AU,2026-06-04,active
BEN000315,CUST000084,EXTACC0000315,AU,2023-02-01,active
BEN000316,CUST000085,EXTACC0000316,AU,2025-03-16,active
BEN000317,CUST000085,EXTACC0000317,AU,2025-10-15,active
BEN000318,CUST000085,EXTACC0000318,AU,2025-10-21,active
BEN000319,CUST000085,EXTACC0000319,AU,2023-06-10,active
BEN000320,CUST000085,EXTACC0000320,AU,2024-03-09,active
BEN000321,CUST000086,EXTACC0000321,AU,2024-06-22,active
BEN000322,CUST000086,EXTACC0000322,AU,2024-03-03,active
BEN000323,CUST000086,EXTACC0000323,AU,2022-03-31,active
BEN000324,CUST000086,EXTACC0000324,AU,2022-07-03,active
BEN000325,CUST000086,EXTACC0000325,AU,2023-09-20,active
BEN000326,CUST000087,EXTACC0000326,AU,2026-04-18,active
BEN000327,CUST000087,EXTACC0000327,AU,2022-01-22,active
BEN000328,CUST000087,EXTACC0000328,AU,2023-03-26,active
BEN000329,CUST000088,EXTACC0000329,AU,2025-04-19,active
BEN000330,CUST000088,EXTACC0000330,AU,2023-03-29,active
BEN000331,CUST000088,EXTACC0000331,AU,2022-01-19,active
BEN000332,CUST000088,EXTACC0000332,AU,2025-02-13,active
BEN000333,CUST000089,EXTACC0000333,AU,2025-12-16,active
BEN000334,CUST000089,EXTACC0000334,AU,2023-04-30,active
BEN000335,CUST000089,EXTACC0000335,AU,2024-03-16,active
BEN000336,CUST000089,EXTACC0000336,AU,2022-01-23,active
BEN000337,CUST000090,EXTACC0000337,AU,2021-10-27,active
BEN000338,CUST000090,EXTACC0000338,AU,2024-04-13,active
BEN000339,CUST000090,EXTACC0000339,AU,2026-07-29,active
BEN000340,CUST000090,EXTACC0000340,AU,2022-08-28,active
BEN000341,CUST000091,EXTACC0000341,AU,2024-08-04,active
BEN000342,CUST000091,EXTACC0000342,AU,2024-03-01,active
BEN000343,CUST000091,EXTACC0000343,AU,2025-08-10,active
BEN000344,CUST000091,EXTACC0000344,AU,2026-05-13,active
BEN000345,CUST000092,EXTACC0000345,AU,2026-03-16,active
BEN000346,CUST000092,EXTACC0000346,AU,2025-12-11,active
BEN000347,CUST000092,EXTACC0000347,AU,2022-11-19,active
BEN000348,CUST000092,EXTACC0000348,AU,2026-01-12,active
BEN000349,CUST000093,EXTACC0000349,AU,2025-09-22,active
BEN000350,CUST000093,EXTACC0000350,AU,2024-01-24,active
BEN000351,CUST000093,EXTACC0000351,AU,2023-05-21,active
BEN000352,CUST000093,EXTACC0000352,AU,2022-09-13,active
BEN000353,CUST000094,EXTACC0000353,AU,2024-07-22,active
BEN000354,CUST000094,EXTACC0000354,AU,2023-02-15,active
BEN000355,CUST000094,EXTACC0000355,AU,2025-08-24,active
BEN000356,CUST000094,EXTACC0000356,AU,2023-12-07,active
BEN000357,CUST000095,EXTACC0000357,AU,2023-04-30,active
BEN000358,CUST000095,EXTACC0000358,AU,2021-11-11,active
BEN000359,CUST000095,EXTACC0000359,AU,2024-08-11,active
BEN000360,CUST000095,EXTACC0000360,AU,2024-04-02,active
BEN000361,CUST000096,EXTACC0000361,AU,2026-07-29,active
BEN000362,CUST000096,EXTACC0000362,AU,2023-05-22,active
BEN000363,CUST000097,EXTACC0000363,AU,2023-03-28,active
BEN000364,CUST000097,EXTACC0000364,AU,2025-03-11,active
BEN000365,CUST000098,EXTACC0000365,AU,2025-05-19,active
BEN000366,CUST000098,EXTACC0000366,AU,2026-02-15,active
BEN000367,CUST000098,EXTACC0000367,AU,2024-07-13,active
BEN000368,CUST000098,EXTACC0000368,AU,2022-06-25,active
BEN000369,CUST000098,EXTACC0000369,AU,2025-02-25,active
BEN000370,CUST000099,EXTACC0000370,AU,2022-07-22,active
BEN000371,CUST000099,EXTACC0000371,AU,2023-04-26,active
BEN000372,CUST000099,EXTACC0000372,AU,2022-12-09,active
BEN000373,CUST000099,EXTACC0000373,AU,2025-10-21,active
BEN000374,CUST000099,EXTACC0000374,AU,2024-06-30,active
BEN000375,CUST000100,EXTACC0000375,AU,2023-11-08,active
BEN000376,CUST000100,EXTACC0000376,AU,2021-10-20,active
BEN000377,CUST000100,EXTACC0000377,AU,2023-12-18,active
BEN000378,CUST000100,EXTACC0000378,AU,2025-01-02,active
BEN000379,CUST000101,EXTACC0000379,AU,2023-09-30,active
BEN000380,CUST000101,EXTACC0000380,AU,2025-07-17,active
BEN000381,CUST000102,EXTACC0000381,AU,2024-01-06,active
BEN000382,CUST000102,EXTACC0000382,AU,2024-07-19,active
BEN000383,CUST000102,EXTACC0000383,AU,2024-04-24,active
BEN000384,CUST000102,EXTACC0000384,AU,2021-11-03,active
BEN000385,CUST000102,EXTACC0000385,AU,2023-12-20,active
BEN000386,CUST000103,EXTACC0000386,AU,2024-10-20,active
BEN000387,CUST000103,EXTACC0000387,AU,2023-10-03,active
BEN000388,CUST000104,EXTACC0000388,AU,2022-04-10,active
BEN000389,CUST000104,EXTACC0000389,AU,2022-10-01,active
BEN000390,CUST000104,EXTACC0000390,AU,2025-09-13,active
BEN000391,CUST000105,EXTACC0000391,AU,2024-05-09,active
BEN000392,CUST000105,EXTACC0000392,AU,2023-02-07,active
BEN000393,CUST000105,EXTACC0000393,AU,2025-03-11,active
BEN000394,CUST000106,EXTACC0000394,AU,2026-01-07,active
BEN000395,CUST000106,EXTACC0000395,AU,2024-05-22,active
BEN000396,CUST000107,EXTACC0000396,AU,2022-09-28,active
BEN000397,CUST000107,EXTACC0000397,AU,2024-04-02,active
BEN000398,CUST000107,EXTACC0000398,AU,2024-11-13,active
BEN000399,CUST000107,EXTACC0000399,AU,2023-08-16,active
BEN000400,CUST000107,EXTACC0000400,AU,2023-08-10,active
BEN000401,CUST000108,EXTACC0000401,AU,2022-11-17,active
BEN000402,CUST000108,EXTACC0000402,AU,2025-10-23,active
BEN000403,CUST000108,EXTACC0000403,AU,2023-01-17,active
BEN000404,CUST000108,EXTACC0000404,AU,2025-08-12,active
BEN000405,CUST000109,EXTACC0000405,AU,2024-12-02,active
BEN000406,CUST000109,EXTACC0000406,AU,2025-04-12,active
BEN000407,CUST000109,EXTACC0000407,AU,2026-06-01,active
BEN000408,CUST000110,EXTACC0000408,AU,2025-09-30,active
BEN000409,CUST000110,EXTACC0000409,AU,2026-04-26,active
BEN000410,CUST000110,EXTACC0000410,AU,2023-08-08,active
BEN000411,CUST000110,EXTACC0000411,AU,2023-11-06,active
BEN000412,CUST000111,EXTACC0000412,AU,2022-06-10,active
BEN000413,CUST000111,EXTACC0000413,AU,2026-03-19,active
BEN000414,CUST000112,EXTACC0000414,AU,2025-07-17,active
BEN000415,CUST000112,EXTACC0000415,AU,2026-03-27,active
BEN000416,CUST000112,EXTACC0000416,AU,2024-10-27,active
BEN000417,CUST000113,EXTACC0000417,AU,2022-05-29,active
BEN000418,CUST000113,EXTACC0000418,AU,2026-07-17,active
BEN000419,CUST000113,EXTACC0000419,AU,2022-09-12,active
BEN000420,CUST000113,EXTACC0000420,AU,2022-04-08,active
BEN000421,CUST000114,EXTACC0000421,AU,2026-05-27,active
BEN000422,CUST000114,EXTACC0000422,AU,2026-01-16,active
BEN000423,CUST000114,EXTACC0000423,AU,2023-06-19,active
BEN000424,CUST000115,EXTACC0000424,AU,2026-04-23,active
BEN000425,CUST000115,EXTACC0000425,AU,2023-01-07,active
BEN000426,CUST000115,EXTACC0000426,AU,2023-02-22,active
BEN000427,CUST000115,EXTACC0000427,AU,2024-07-14,active
BEN000428,CUST000115,EXTACC0000428,AU,2026-03-03,active
BEN000429,CUST000116,EXTACC0000429,AU,2025-07-02,active
BEN000430,CUST000116,EXTACC0000430,AU,2022-09-25,active
BEN000431,CUST000117,EXTACC0000431,AU,2023-06-29,active
BEN000432,CUST000117,EXTACC0000432,AU,2025-11-25,active
BEN000433,CUST000118,EXTACC0000433,AU,2022-07-08,active
BEN000434,CUST000118,EXTACC0000434,AU,2026-01-31,active
BEN000435,CUST000118,EXTACC0000435,AU,2025-07-14,active
BEN000436,CUST000118,EXTACC0000436,AU,2022-03-20,active
BEN000437,CUST000119,EXTACC0000437,AU,2025-08-07,active
BEN000438,CUST000119,EXTACC0000438,AU,2022-11-12,active
BEN000439,CUST000119,EXTACC0000439,AU,2026-02-09,active
BEN000440,CUST000119,EXTACC0000440,AU,2025-04-11,active
BEN000441,CUST000119,EXTACC0000441,AU,2025-08-18,active
BEN000442,CUST000120,EXTACC0000442,AU,2026-07-17,active
BEN000443,CUST000120,EXTACC0000443,AU,2022-03-27,active
BEN000444,CUST000120,EXTACC0000444,AU,2026-07-01,active
BEN000445,CUST000121,EXTACC0000445,AU,2025-09-04,active
BEN000446,CUST000121,EXTACC0000446,AU,2024-05-13,active
BEN000447,CUST000122,EXTACC0000447,AU,2021-12-05,active
BEN000448,CUST000122,EXTACC0000448,AU,2025-02-10,active
BEN000449,CUST000122,EXTACC0000449,AU,2023-11-28,active
BEN000450,CUST000122,EXTACC0000450,AU,2021-10-08,active
BEN000451,CUST000122,EXTACC0000451,AU,2023-08-06,active
BEN000452,CUST000123,EXTACC0000452,AU,2022-05-13,active
BEN000453,CUST000123,EXTACC0000453,AU,2022-02-16,active
BEN000454,CUST000123,EXTACC0000454,AU,2025-05-07,active
BEN000455,CUST000124,EXTACC0000455,AU,2024-09-03,active
BEN000456,CUST000124,EXTACC0000456,AU,2022-04-15,active
BEN000457,CUST000125,EXTACC0000457,AU,2026-05-07,active
BEN000458,CUST000125,EXTACC0000458,AU,2022-04-04,active
BEN000459,CUST000125,EXTACC0000459,AU,2022-05-01,active
BEN000460,CUST000125,EXTACC0000460,AU,2025-10-04,active
BEN000461,CUST000126,EXTACC0000461,AU,2022-01-05,active
BEN000462,CUST000126,EXTACC0000462,AU,2024-03-08,active
BEN000463,CUST000126,EXTACC0000463,AU,2025-03-22,active
BEN000464,CUST000127,EXTACC0000464,AU,2023-04-11,active
BEN000465,CUST000127,EXTACC0000465,AU,2022-11-23,active
BEN000466,CUST000127,EXTACC0000466,AU,2025-04-27,active
BEN000467,CUST000127,EXTACC0000467,AU,2024-12-05,active
BEN000468,CUST000127,EXTACC0000468,AU,2024-12-30,active
BEN000469,CUST000128,EXTACC0000469,AU,2025-07-23,active
BEN000470,CUST000128,EXTACC0000470,AU,2024-12-14,active
BEN000471,CUST000128,EXTACC0000471,AU,2024-12-09,active
BEN000472,CUST000129,EXTACC0000472,AU,2022-06-05,active
BEN000473,CUST000129,EXTACC0000473,AU,2026-05-01,active
BEN000474,CUST000129,EXTACC0000474,AU,2022-11-16,active
BEN000475,CUST000129,EXTACC0000475,AU,2024-09-13,active
BEN000476,CUST000130,EXTACC0000476,AU,2022-10-02,active
BEN000477,CUST000130,EXTACC0000477,AU,2023-04-06,active
BEN000478,CUST000130,EXTACC0000478,AU,2026-04-25,active
BEN000479,CUST000130,EXTACC0000479,AU,2025-02-01,active
BEN000480,CUST000131,EXTACC0000480,AU,2026-03-30,active
BEN000481,CUST000131,EXTACC0000481,AU,2022-10-29,active
BEN000482,CUST000132,EXTACC0000482,AU,2023-08-21,active
BEN000483,CUST000132,EXTACC0000483,AU,2021-10-09,active
BEN000484,CUST000132,EXTACC0000484,AU,2021-12-08,active
BEN000485,CUST000133,EXTACC0000485,AU,2024-04-12,active
BEN000486,CUST000133,EXTACC0000486,AU,2025-09-06,active
BEN000487,CUST000134,EXTACC0000487,AU,2026-05-17,active
BEN000488,CUST000134,EXTACC0000488,AU,2025-05-08,active
BEN000489,CUST000134,EXTACC0000489,AU,2026-04-08,active
BEN000490,CUST000134,EXTACC0000490,AU,2024-12-20,active
BEN000491,CUST000135,EXTACC0000491,AU,2023-09-12,active
BEN000492,CUST000135,EXTACC0000492,AU,2023-11-06,active
BEN000493,CUST000135,EXTACC0000493,AU,2025-08-30,active
BEN000494,CUST000135,EXTACC0000494,AU,2024-09-08,active
BEN000495,CUST000135,EXTACC0000495,AU,2023-01-23,active
BEN000496,CUST000136,EXTACC0000496,AU,2024-02-02,active
BEN000497,CUST000136,EXTACC0000497,AU,2023-05-07,active
BEN000498,CUST000136,EXTACC0000498,AU,2022-09-14,active
BEN000499,CUST000136,EXTACC0000499,AU,2022-01-07,active
BEN000500,CUST000136,EXTACC0000500,AU,2025-04-23,active
BEN000501,CUST000137,EXTACC0000501,AU,2021-11-16,active
BEN000502,CUST000137,EXTACC0000502,AU,2023-10-16,active
BEN000503,CUST000137,EXTACC0000503,AU,2023-07-01,active
BEN000504,CUST000138,EXTACC0000504,AU,2022-04-26,active
BEN000505,CUST000138,EXTACC0000505,AU,2022-08-08,active
BEN000506,CUST000138,EXTACC0000506,AU,2022-01-11,active
BEN000507,CUST000139,EXTACC0000507,AU,2025-07-17,active
BEN000508,CUST000139,EXTACC0000508,AU,2022-02-27,active
BEN000509,CUST000139,EXTACC0000509,AU,2023-10-29,active
BEN000510,CUST000139,EXTACC0000510,AU,2022-02-13,active
BEN000511,CUST000140,EXTACC0000511,AU,2025-03-01,active
BEN000512,CUST000140,EXTACC0000512,AU,2025-06-23,active
BEN000513,CUST000140,EXTACC0000513,AU,2023-09-27,active
BEN000514,CUST000140,EXTACC0000514,AU,2026-05-02,active
BEN000515,CUST000141,EXTACC0000515,AU,2023-08-05,active
BEN000516,CUST000141,EXTACC0000516,AU,2022-03-23,active
BEN000517,CUST000141,EXTACC0000517,AU,2022-12-08,active
BEN000518,CUST000141,EXTACC0000518,AU,2026-01-11,active
BEN000519,CUST000141,EXTACC0000519,AU,2024-03-15,active
BEN000520,CUST000142,EXTACC0000520,AU,2023-09-26,active
BEN000521,CUST000142,EXTACC0000521,AU,2024-06-15,active
BEN000522,CUST000143,EXTACC0000522,AU,2024-06-21,active
BEN000523,CUST000143,EXTACC0000523,AU,2023-10-05,active
BEN000524,CUST000144,EXTACC0000524,AU,2024-04-23,active
BEN000525,CUST000144,EXTACC0000525,AU,2022-12-18,active
BEN000526,CUST000144,EXTACC0000526,AU,2026-03-06,active
BEN000527,CUST000145,EXTACC0000527,AU,2023-08-16,active
BEN000528,CUST000145,EXTACC0000528,AU,2025-04-05,active
BEN000529,CUST000145,EXTACC0000529,AU,2024-04-19,active
BEN000530,CUST000146,EXTACC0000530,AU,2024-01-31,active
BEN000531,CUST000146,EXTACC0000531,AU,2022-04-06,active
BEN000532,CUST000146,EXTACC0000532,AU,2026-06-24,active
BEN000533,CUST000147,EXTACC0000533,AU,2023-03-27,active
BEN000534,CUST000147,EXTACC0000534,AU,2025-05-18,active
BEN000535,CUST000147,EXTACC0000535,AU,2026-06-21,active
BEN000536,CUST000147,EXTACC0000536,AU,2025-12-16,active
BEN000537,CUST000147,EXTACC0000537,AU,2022-02-21,active
BEN000538,CUST000148,EXTACC0000538,AU,2024-09-03,active
BEN000539,CUST000148,EXTACC0000539,AU,2024-12-26,active
BEN000540,CUST000149,EXTACC0000540,AU,2026-03-16,active
BEN000541,CUST000149,EXTACC0000541,AU,2024-06-15,active
BEN000542,CUST000149,EXTACC0000542,AU,2025-04-14,active
BEN000543,CUST000149,EXTACC0000543,AU,2025-03-20,active
BEN000544,CUST000149,EXTACC0000544,AU,2023-01-05,active
BEN000545,CUST000150,EXTACC0000545,AU,2024-04-17,active
BEN000546,CUST000150,EXTACC0000546,AU,2024-12-11,active
BEN000547,CUST000150,EXTACC0000547,AU,2023-04-23,active
BEN000548,CUST000150,EXTACC0000548,AU,2026-04-27,active
BEN000549,CUST000151,EXTACC0000549,AU,2025-10-09,active
BEN000550,CUST000151,EXTACC0000550,AU,2023-10-17,active
BEN000551,CUST000151,EXTACC0000551,AU,2023-08-30,active
BEN000552,CUST000151,EXTACC0000552,AU,2024-04-20,active
BEN000553,CUST000152,EXTACC0000553,AU,2022-12-21,active
BEN000554,CUST000152,EXTACC0000554,AU,2025-09-06,active
BEN000555,CUST000152,EXTACC0000555,AU,2022-03-27,active
BEN000556,CUST000152,EXTACC0000556,AU,2026-07-12,active
BEN000557,CUST000153,EXTACC0000557,AU,2025-04-03,active
BEN000558,CUST000153,EXTACC0000558,AU,2025-04-15,active
BEN000559,CUST000154,EXTACC0000559,AU,2026-06-26,active
BEN000560,CUST000154,EXTACC0000560,AU,2026-04-02,active
BEN000561,CUST000154,EXTACC0000561,AU,2022-11-19,active
BEN000562,CUST000154,EXTACC0000562,AU,2025-01-17,active
BEN000563,CUST000155,EXTACC0000563,AU,2023-10-23,active
BEN000564,CUST000155,EXTACC0000564,AU,2023-11-30,active
BEN000565,CUST000156,EXTACC0000565,AU,2023-06-22,active
BEN000566,CUST000156,EXTACC0000566,AU,2024-07-21,active
BEN000567,CUST000156,EXTACC0000567,AU,2022-06-01,active
BEN000568,CUST000156,EXTACC0000568,AU,2025-07-27,active
BEN000569,CUST000157,EXTACC0000569,AU,2024-11-24,active
BEN000570,CUST000157,EXTACC0000570,AU,2022-07-13,active
BEN000571,CUST000157,EXTACC0000571,AU,2026-04-20,active
BEN000572,CUST000157,EXTACC0000572,AU,2023-05-13,active
BEN000573,CUST000158,EXTACC0000573,AU,2022-03-08,active
BEN000574,CUST000158,EXTACC0000574,AU,2024-01-11,active
BEN000575,CUST000158,EXTACC0000575,AU,2024-12-13,active
BEN000576,CUST000158,EXTACC0000576,AU,2022-01-29,active
BEN000577,CUST000159,EXTACC0000577,AU,2022-05-13,active
BEN000578,CUST000159,EXTACC0000578,AU,2023-05-06,active
BEN000579,CUST000159,EXTACC0000579,AU,2026-07-01,active
BEN000580,CUST000160,EXTACC0000580,AU,2023-08-04,active
BEN000581,CUST000160,EXTACC0000581,AU,2025-10-27,active
BEN000582,CUST000160,EXTACC0000582,AU,2023-07-09,active
BEN000583,CUST000161,EXTACC0000583,AU,2024-07-29,active
BEN000584,CUST000161,EXTACC0000584,AU,2024-04-27,active
BEN000585,CUST000161,EXTACC0000585,AU,2021-11-15,active
BEN000586,CUST000162,EXTACC0000586,AU,2023-07-19,active
BEN000587,CUST000162,EXTACC0000587,AU,2023-05-12,active
BEN000588,CUST000163,EXTACC0000588,AU,2022-09-28,active
BEN000589,CUST000163,EXTACC0000589,AU,2025-10-25,active
BEN000590,CUST000163,EXTACC0000590,AU,2023-10-22,active
BEN000591,CUST000163,EXTACC0000591,AU,2023-06-26,active
BEN000592,CUST000164,EXTACC0000592,AU,2025-02-12,active
BEN000593,CUST000164,EXTACC0000593,AU,2023-10-12,active
BEN000594,CUST000165,EXTACC0000594,AU,2026-06-10,active
BEN000595,CUST000165,EXTACC0000595,AU,2024-06-24,active
BEN000596,CUST000165,EXTACC0000596,AU,2024-02-25,active
BEN000597,CUST000166,EXTACC0000597,AU,2024-12-24,active
BEN000598,CUST000166,EXTACC0000598,AU,2025-09-16,active
BEN000599,CUST000166,EXTACC0000599,AU,2026-04-13,active
BEN000600,CUST000166,EXTACC0000600,AU,2024-10-19,active
BEN000601,CUST000167,EXTACC0000601,AU,2024-05-14,active
BEN000602,CUST000167,EXTACC0000602,AU,2023-12-20,active
BEN000603,CUST000168,EXTACC0000603,AU,2024-10-20,active
BEN000604,CUST000168,EXTACC0000604,AU,2026-02-08,active
BEN000605,CUST000168,EXTACC0000605,AU,2025-12-21,active
BEN000606,CUST000168,EXTACC0000606,AU,2025-09-15,active
BEN000607,CUST000168,EXTACC0000607,AU,2022-08-01,active
BEN000608,CUST000169,EXTACC0000608,AU,2025-09-26,active
BEN000609,CUST000169,EXTACC0000609,AU,2024-06-19,active
BEN000610,CUST000169,EXTACC0000610,AU,2023-06-22,active
BEN000611,CUST000170,EXTACC0000611,AU,2024-11-23,active
BEN000612,CUST000170,EXTACC0000612,AU,2024-05-28,active
BEN000613,CUST000171,EXTACC0000613,AU,2025-04-07,active
BEN000614,CUST000171,EXTACC0000614,AU,2022-02-18,active
BEN000615,CUST000171,EXTACC0000615,AU,2026-07-12,active
BEN000616,CUST000171,EXTACC0000616,AU,2023-08-17,active
BEN000617,CUST000172,EXTACC0000617,AU,2022-12-26,active
BEN000618,CUST000172,EXTACC0000618,AU,2021-11-18,active
BEN000619,CUST000172,EXTACC0000619,AU,2023-12-18,active
BEN000620,CUST000172,EXTACC0000620,AU,2026-06-14,active
BEN000621,CUST000173,EXTACC0000621,AU,2025-04-18,active
BEN000622,CUST000173,EXTACC0000622,AU,2024-04-03,active
BEN000623,CUST000173,EXTACC0000623,AU,2023-01-15,active
BEN000624,CUST000173,EXTACC0000624,AU,2023-05-31,active
BEN000625,CUST000174,EXTACC0000625,AU,2024-07-19,active
BEN000626,CUST000174,EXTACC0000626,AU,2023-09-13,active
BEN000627,CUST000174,EXTACC0000627,AU,2024-12-22,active
BEN000628,CUST000174,EXTACC0000628,AU,2023-11-01,active
BEN000629,CUST000174,EXTACC0000629,AU,2025-12-28,active
BEN000630,CUST000175,EXTACC0000630,AU,2026-06-05,active
BEN000631,CUST000175,EXTACC0000631,AU,2024-08-12,active
BEN000632,CUST000175,EXTACC0000632,AU,2023-12-07,active
BEN000633,CUST000176,EXTACC0000633,AU,2025-11-25,active
BEN000634,CUST000176,EXTACC0000634,AU,2025-12-01,active
BEN000635,CUST000176,EXTACC0000635,AU,2025-08-30,active
BEN000636,CUST000176,EXTACC0000636,AU,2023-03-05,active
BEN000637,CUST000176,EXTACC0000637,AU,2024-09-27,active
BEN000638,CUST000177,EXTACC0000638,AU,2023-03-08,active
BEN000639,CUST000177,EXTACC0000639,AU,2022-12-07,active
BEN000640,CUST000177,EXTACC0000640,AU,2026-05-24,active
BEN000641,CUST000178,EXTACC0000641,AU,2025-11-24,active
BEN000642,CUST000178,EXTACC0000642,AU,2023-04-23,active
BEN000643,CUST000178,EXTACC0000643,AU,2026-05-10,active
BEN000644,CUST000178,EXTACC0000644,AU,2022-03-30,active
BEN000645,CUST000179,EXTACC0000645,AU,2026-03-14,active
BEN000646,CUST000179,EXTACC0000646,AU,2022-01-12,active
BEN000647,CUST000180,EXTACC0000647,AU,2022-05-17,active
BEN000648,CUST000180,EXTACC0000648,AU,2022-02-26,active
BEN000649,CUST000180,EXTACC0000649,AU,2021-10-18,active
BEN000650,CUST000180,EXTACC0000650,AU,2025-04-02,active
BEN000651,CUST000181,EXTACC0000651,AU,2022-11-30,active
BEN000652,CUST000181,EXTACC0000652,AU,2023-09-18,active
BEN000653,CUST000181,EXTACC0000653,AU,2022-04-28,active
BEN000654,CUST000182,EXTACC0000654,AU,2023-01-11,active
BEN000655,CUST000182,EXTACC0000655,AU,2021-10-27,active
BEN000656,CUST000182,EXTACC0000656,AU,2023-08-09,active
BEN000657,CUST000182,EXTACC0000657,AU,2026-01-17,active
BEN000658,CUST000183,EXTACC0000658,AU,2025-08-15,active
BEN000659,CUST000183,EXTACC0000659,AU,2024-12-01,active
BEN000660,CUST000183,EXTACC0000660,AU,2022-04-04,active
BEN000661,CUST000183,EXTACC0000661,AU,2025-11-08,active
BEN000662,CUST000183,EXTACC0000662,AU,2025-11-22,active
BEN000663,CUST000184,EXTACC0000663,AU,2021-11-16,active
BEN000664,CUST000184,EXTACC0000664,AU,2021-10-19,active
BEN000665,CUST000184,EXTACC0000665,AU,2026-04-09,active
BEN000666,CUST000184,EXTACC0000666,AU,2026-06-08,active
BEN000667,CUST000184,EXTACC0000667,AU,2025-03-29,active
BEN000668,CUST000185,EXTACC0000668,AU,2021-11-04,active
BEN000669,CUST000185,EXTACC0000669,AU,2021-11-19,active
BEN000670,CUST000185,EXTACC0000670,AU,2026-03-31,active
BEN000671,CUST000185,EXTACC0000671,AU,2024-01-30,active
BEN000672,CUST000185,EXTACC0000672,AU,2026-04-20,active
BEN000673,CUST000186,EXTACC0000673,AU,2024-03-07,active
BEN000674,CUST000186,EXTACC0000674,AU,2021-11-21,active
BEN000675,CUST000187,EXTACC0000675,AU,2026-01-06,active
BEN000676,CUST000187,EXTACC0000676,AU,2025-05-28,active
BEN000677,CUST000188,EXTACC0000677,AU,2023-04-08,active
BEN000678,CUST000188,EXTACC0000678,AU,2022-08-27,active
BEN000679,CUST000188,EXTACC0000679,AU,2022-07-25,active
BEN000680,CUST000188,EXTACC0000680,AU,2026-03-16,active
BEN000681,CUST000188,EXTACC0000681,AU,2023-01-04,active
BEN000682,CUST000189,EXTACC0000682,AU,2023-10-17,active
BEN000683,CUST000189,EXTACC0000683,AU,2023-05-18,active
BEN000684,CUST000189,EXTACC0000684,AU,2026-03-22,active
BEN000685,CUST000190,EXTACC0000685,AU,2023-11-22,active
BEN000686,CUST000190,EXTACC0000686,AU,2024-10-04,active
BEN000687,CUST000191,EXTACC0000687,AU,2024-01-07,active
BEN000688,CUST000191,EXTACC0000688,AU,2025-02-13,active
BEN000689,CUST000191,EXTACC0000689,AU,2022-06-01,active
BEN000690,CUST000192,EXTACC0000690,AU,2024-12-01,active
BEN000691,CUST000192,EXTACC0000691,AU,2025-03-13,active
BEN000692,CUST000192,EXTACC0000692,AU,2025-08-25,active
BEN000693,CUST000192,EXTACC0000693,AU,2026-07-20,active
BEN000694,CUST000192,EXTACC0000694,AU,2023-10-24,active
BEN000695,CUST000193,EXTACC0000695,AU,2023-08-31,active
BEN000696,CUST000193,EXTACC0000696,AU,2024-04-17,active
BEN000697,CUST000193,EXTACC0000697,AU,2022-06-06,active
BEN000698,CUST000194,EXTACC0000698,AU,2022-01-05,active
BEN000699,CUST000194,EXTACC0000699,AU,2022-07-16,active
BEN000700,CUST000195,EXTACC0000700,AU,2025-03-11,active
BEN000701,CUST000195,EXTACC0000701,AU,2024-12-20,active
BEN000702,CUST000195,EXTACC0000702,AU,2024-12-13,active
BEN000703,CUST000195,EXTACC0000703,AU,2026-06-12,active
BEN000704,CUST000196,EXTACC0000704,AU,2025-10-16,active
BEN000705,CUST000196,EXTACC0000705,AU,2022-03-22,active
BEN000706,CUST000197,EXTACC0000706,AU,2021-10-28,active
BEN000707,CUST000197,EXTACC0000707,AU,2023-03-15,active
BEN000708,CUST000197,EXTACC0000708,AU,2022-06-12,active
BEN000709,CUST000198,EXTACC0000709,AU,2025-12-30,active
BEN000710,CUST000198,EXTACC0000710,AU,2025-06-08,active
BEN000711,CUST000199,EXTACC0000711,AU,2024-07-24,active
BEN000712,CUST000199,EXTACC0000712,AU,2026-07-23,active
BEN000713,CUST000199,EXTACC0000713,AU,2022-07-22,active
BEN000714,CUST000199,EXTACC0000714,AU,2026-03-27,active
BEN000715,CUST000200,EXTACC0000715,AU,2022-02-08,active
BEN000716,CUST000200,EXTACC0000716,AU,2023-09-12,active
BEN000717,CUST000200,EXTACC0000717,AU,2023-07-17,active
BEN000718,CUST000201,EXTACC0000718,AU,2026-07-25,active
BEN000719,CUST000201,EXTACC0000719,AU,2025-10-15,active
BEN000720,CUST000201,EXTACC0000720,AU,2024-01-19,active
BEN000721,CUST000201,EXTACC0000721,AU,2022-02-20,active
BEN000722,CUST000201,EXTACC0000722,AU,2022-05-17,active
BEN000723,CUST000202,EXTACC0000723,AU,2024-02-17,active
BEN000724,CUST000202,EXTACC0000724,AU,2026-05-13,active
BEN000725,CUST000202,EXTACC0000725,AU,2026-07-15,active
BEN000726,CUST000203,EXTACC0000726,AU,2022-01-09,active
BEN000727,CUST000203,EXTACC0000727,AU,2023-04-09,active
BEN000728,CUST000204,EXTACC0000728,AU,2024-06-02,active
BEN000729,CUST000204,EXTACC0000729,AU,2021-11-16,active
BEN000730,CUST000205,EXTACC0000730,AU,2023-07-04,active
BEN000731,CUST000205,EXTACC0000731,AU,2022-12-20,active
BEN000732,CUST000206,EXTACC0000732,AU,2025-02-17,active
BEN000733,CUST000206,EXTACC0000733,AU,2022-05-26,active
BEN000734,CUST000206,EXTACC0000734,AU,2024-04-15,active
BEN000735,CUST000207,EXTACC0000735,AU,2023-02-15,active
BEN000736,CUST000207,EXTACC0000736,AU,2026-07-17,active
BEN000737,CUST000208,EXTACC0000737,AU,2023-10-16,active
BEN000738,CUST000208,EXTACC0000738,AU,2026-07-25,active
BEN000739,CUST000208,EXTACC0000739,AU,2025-01-20,active
BEN000740,CUST000209,EXTACC0000740,AU,2026-05-05,active
BEN000741,CUST000209,EXTACC0000741,AU,2024-07-25,active
BEN000742,CUST000209,EXTACC0000742,AU,2025-01-03,active
BEN000743,CUST000209,EXTACC0000743,AU,2022-12-07,active
BEN000744,CUST000209,EXTACC0000744,AU,2022-05-30,active
BEN000745,CUST000210,EXTACC0000745,AU,2026-01-01,active
BEN000746,CUST000210,EXTACC0000746,AU,2024-09-07,active
BEN000747,CUST000210,EXTACC0000747,AU,2022-03-14,active
BEN000748,CUST000210,EXTACC0000748,AU,2022-07-29,active
BEN000749,CUST000210,EXTACC0000749,AU,2025-06-17,active
BEN000750,CUST000211,EXTACC0000750,AU,2023-09-20,active
BEN000751,CUST000211,EXTACC0000751,AU,2022-05-23,active
BEN000752,CUST000211,EXTACC0000752,AU,2024-08-22,active
BEN000753,CUST000211,EXTACC0000753,AU,2025-02-12,active
BEN000754,CUST000212,EXTACC0000754,AU,2024-07-09,active
BEN000755,CUST000212,EXTACC0000755,AU,2021-12-30,active
BEN000756,CUST000212,EXTACC0000756,AU,2024-01-26,active
BEN000757,CUST000212,EXTACC0000757,AU,2025-07-29,active
BEN000758,CUST000212,EXTACC0000758,AU,2025-12-01,active
BEN000759,CUST000213,EXTACC0000759,AU,2023-09-07,active
BEN000760,CUST000213,EXTACC0000760,AU,2024-10-08,active
BEN000761,CUST000213,EXTACC0000761,AU,2026-06-13,active
BEN000762,CUST000213,EXTACC0000762,AU,2024-12-08,active
BEN000763,CUST000213,EXTACC0000763,AU,2025-06-01,active
BEN000764,CUST000214,EXTACC0000764,AU,2023-04-29,active
BEN000765,CUST000214,EXTACC0000765,AU,2024-12-22,active
BEN000766,CUST000214,EXTACC0000766,AU,2022-06-22,active
BEN000767,CUST000214,EXTACC0000767,AU,2024-04-03,active
BEN000768,CUST000215,EXTACC0000768,AU,2023-11-03,active
BEN000769,CUST000215,EXTACC0000769,AU,2022-05-15,active
BEN000770,CUST000215,EXTACC0000770,AU,2022-06-10,active
BEN000771,CUST000215,EXTACC0000771,AU,2024-01-09,active
BEN000772,CUST000215,EXTACC0000772,AU,2023-01-21,active
BEN000773,CUST000216,EXTACC0000773,AU,2024-12-22,active
BEN000774,CUST000216,EXTACC0000774,AU,2023-01-21,active
BEN000775,CUST000217,EXTACC0000775,AU,2025-01-21,active
BEN000776,CUST000217,EXTACC0000776,AU,2024-06-08,active
BEN000777,CUST000217,EXTACC0000777,AU,2024-10-23,active
BEN000778,CUST000217,EXTACC0000778,AU,2022-08-26,active
BEN000779,CUST000217,EXTACC0000779,AU,2022-07-10,active
BEN000780,CUST000218,EXTACC0000780,AU,2021-10-15,active
BEN000781,CUST000218,EXTACC0000781,AU,2024-05-13,active
BEN000782,CUST000218,EXTACC0000782,AU,2025-07-11,active
BEN000783,CUST000219,EXTACC0000783,AU,2024-10-21,active
BEN000784,CUST000219,EXTACC0000784,AU,2024-01-15,active
BEN000785,CUST000219,EXTACC0000785,AU,2022-08-12,active
BEN000786,CUST000219,EXTACC0000786,AU,2022-11-14,active
BEN000787,CUST000220,EXTACC0000787,AU,2022-06-27,active
BEN000788,CUST000220,EXTACC0000788,AU,2023-05-04,active
BEN000789,CUST000220,EXTACC0000789,AU,2025-05-30,active
BEN000790,CUST000220,EXTACC0000790,AU,2025-07-24,active
BEN000791,CUST000220,EXTACC0000791,AU,2026-06-25,active
BEN000792,CUST000221,EXTACC0000792,AU,2026-06-18,active
BEN000793,CUST000221,EXTACC0000793,AU,2026-02-07,active
BEN000794,CUST000221,EXTACC0000794,AU,2025-03-19,active
BEN000795,CUST000222,EXTACC0000795,AU,2022-08-15,active
BEN000796,CUST000222,EXTACC0000796,AU,2021-12-19,active
BEN000797,CUST000223,EXTACC0000797,AU,2022-07-04,active
BEN000798,CUST000223,EXTACC0000798,AU,2024-10-02,active
BEN000799,CUST000223,EXTACC0000799,AU,2026-06-16,active
BEN000800,CUST000224,EXTACC0000800,AU,2022-07-15,active
BEN000801,CUST000224,EXTACC0000801,AU,2024-07-02,active
BEN000802,CUST000224,EXTACC0000802,AU,2025-01-07,active
BEN000803,CUST000225,EXTACC0000803,AU,2021-11-06,active
BEN000804,CUST000225,EXTACC0000804,AU,2024-03-23,active
BEN000805,CUST000225,EXTACC0000805,AU,2025-04-06,active
BEN000806,CUST000225,EXTACC0000806,AU,2025-01-15,active
BEN000807,CUST000225,EXTACC0000807,AU,2022-06-19,active
BEN000808,CUST000226,EXTACC0000808,AU,2026-07-03,active
BEN000809,CUST000226,EXTACC0000809,AU,2023-10-23,active
BEN000810,CUST000226,EXTACC0000810,AU,2026-03-06,active
BEN000811,CUST000226,EXTACC0000811,AU,2023-03-09,active
BEN000812,CUST000226,EXTACC0000812,AU,2024-12-24,active
BEN000813,CUST000227,EXTACC0000813,AU,2023-03-09,active
BEN000814,CUST000227,EXTACC0000814,AU,2022-12-04,active
BEN000815,CUST000227,EXTACC0000815,AU,2024-01-12,active
BEN000816,CUST000227,EXTACC0000816,AU,2024-04-21,active
BEN000817,CUST000228,EXTACC0000817,AU,2024-01-10,active
BEN000818,CUST000228,EXTACC0000818,AU,2025-12-09,active
BEN000819,CUST000228,EXTACC0000819,AU,2022-12-26,active
BEN000820,CUST000228,EXTACC0000820,AU,2022-04-13,active
BEN000821,CUST000228,EXTACC0000821,AU,2023-03-02,active
BEN000822,CUST000229,EXTACC0000822,AU,2025-06-10,active
BEN000823,CUST000229,EXTACC0000823,AU,2024-02-03,active
BEN000824,CUST000229,EXTACC0000824,AU,2025-04-29,active
BEN000825,CUST000230,EXTACC0000825,AU,2024-04-17,active
BEN000826,CUST000230,EXTACC0000826,AU,2025-11-11,active
BEN000827,CUST000230,EXTACC0000827,AU,2022-05-25,active
BEN000828,CUST000231,EXTACC0000828,AU,2024-10-24,active
BEN000829,CUST000231,EXTACC0000829,AU,2023-11-20,active
BEN000830,CUST000231,EXTACC0000830,AU,2023-11-04,active
BEN000831,CUST000231,EXTACC0000831,AU,2025-12-17,active
BEN000832,CUST000231,EXTACC0000832,AU,2023-05-29,active
BEN000833,CUST000232,EXTACC0000833,AU,2025-08-21,active
BEN000834,CUST000232,EXTACC0000834,AU,2022-08-27,active
BEN000835,CUST000232,EXTACC0000835,AU,2022-11-23,active
BEN000836,CUST000232,EXTACC0000836,AU,2024-05-02,active
BEN000837,CUST000233,EXTACC0000837,AU,2021-10-20,active
BEN000838,CUST000233,EXTACC0000838,AU,2025-02-09,active
BEN000839,CUST000233,EXTACC0000839,AU,2024-07-27,active
BEN000840,CUST000233,EXTACC0000840,AU,2024-12-22,active
BEN000841,CUST000234,EXTACC0000841,AU,2024-07-18,active
BEN000842,CUST000234,EXTACC0000842,AU,2025-06-27,active
BEN000843,CUST000234,EXTACC0000843,AU,2024-08-03,active
BEN000844,CUST000235,EXTACC0000844,AU,2025-05-28,active
BEN000845,CUST000235,EXTACC0000845,AU,2022-11-25,active
BEN000846,CUST000235,EXTACC0000846,AU,2024-04-19,active
BEN000847,CUST000235,EXTACC0000847,AU,2024-06-21,active
BEN000848,CUST000236,EXTACC0000848,AU,2023-06-15,active
BEN000849,CUST000236,EXTACC0000849,AU,2025-10-26,active
BEN000850,CUST000236,EXTACC0000850,AU,2024-06-01,active
BEN000851,CUST000236,EXTACC0000851,AU,2023-04-03,active
BEN000852,CUST000236,EXTACC0000852,AU,2025-02-17,active
BEN000853,CUST000237,EXTACC0000853,AU,2024-06-16,active
BEN000854,CUST000237,EXTACC0000854,AU,2024-03-22,active
BEN000855,CUST000237,EXTACC0000855,AU,2025-12-02,active
BEN000856,CUST000238,EXTACC0000856,AU,2023-10-22,active
BEN000857,CUST000238,EXTACC0000857,AU,2024-07-07,active
BEN000858,CUST000239,EXTACC0000858,AU,2024-12-10,active
BEN000859,CUST000239,EXTACC0000859,AU,2024-02-16,active
BEN000860,CUST000240,EXTACC0000860,AU,2025-01-31,active
BEN000861,CUST000240,EXTACC0000861,AU,2024-11-06,active
BEN000862,CUST000241,EXTACC0000862,AU,2022-09-17,active
BEN000863,CUST000241,EXTACC0000863,AU,2026-07-16,active
BEN000864,CUST000241,EXTACC0000864,AU,2023-06-11,active
BEN000865,CUST000242,EXTACC0000865,AU,2026-05-21,active
BEN000866,CUST000242,EXTACC0000866,AU,2023-04-11,active
BEN000867,CUST000242,EXTACC0000867,AU,2026-06-04,active
BEN000868,CUST000242,EXTACC0000868,AU,2021-12-21,active
BEN000869,CUST000243,EXTACC0000869,AU,2025-09-02,active
BEN000870,CUST000243,EXTACC0000870,AU,2023-07-12,active
BEN000871,CUST000243,EXTACC0000871,AU,2025-06-22,active
BEN000872,CUST000243,EXTACC0000872,AU,2024-03-22,active
BEN000873,CUST000243,EXTACC0000873,AU,2022-05-01,active
BEN000874,CUST000244,EXTACC0000874,AU,2025-03-23,active
BEN000875,CUST000244,EXTACC0000875,AU,2025-12-28,active
BEN000876,CUST000245,EXTACC0000876,AU,2022-12-05,active
BEN000877,CUST000245,EXTACC0000877,AU,2024-04-26,active
BEN000878,CUST000245,EXTACC0000878,AU,2023-10-20,active
BEN000879,CUST000245,EXTACC0000879,AU,2023-11-23,active
BEN000880,CUST000245,EXTACC0000880,AU,2023-01-20,active
BEN000881,CUST000246,EXTACC0000881,AU,2025-05-05,active
BEN000882,CUST000246,EXTACC0000882,AU,2024-12-13,active
BEN000883,CUST000246,EXTACC0000883,AU,2022-05-16,active
BEN000884,CUST000246,EXTACC0000884,AU,2025-07-25,active
BEN000885,CUST000247,EXTACC0000885,AU,2025-10-26,active
BEN000886,CUST000247,EXTACC0000886,AU,2025-02-25,active
BEN000887,CUST000248,EXTACC0000887,AU,2026-04-16,active
BEN000888,CUST000248,EXTACC0000888,AU,2026-01-19,active
BEN000889,CUST000248,EXTACC0000889,AU,2025-04-20,active
BEN000890,CUST000249,EXTACC0000890,AU,2026-05-15,active
BEN000891,CUST000249,EXTACC0000891,AU,2022-01-21,active
BEN000892,CUST000249,EXTACC0000892,AU,2024-10-20,active
BEN000893,CUST000250,EXTACC0000893,AU,2026-04-24,active
BEN000894,CUST000250,EXTACC0000894,AU,2022-06-20,active
BEN000895,CUST000250,EXTACC0000895,AU,2022-09-03,active
BEN000896,CUST000250,EXTACC0000896,AU,2023-11-09,active
BEN000897,CUST000250,EXTACC0000897,AU,2024-10-05,active
