customer_id,date_of_birth,postcode,state,country,customer_since,risk_segment
CUST000001,1984-04-05,2619,NSW,AU,2012-03-03,low
CUST000002,1991-03-18,2833,ACT,AU,2014-02-13,medium
CUST000003,1990-11-12,2581,NSW,AU,2021-10-16,low
CUST000004,1969-06-16,2101,TAS,AU,2015-06-19,high
CUST000005,1956-07-30,3908,TAS,AU,2015-02-16,medium
CUST000006,1989-06-21,4637,ACT,AU,2021-10-08,low
CUST000007,1959-09-05,1265,ACT,AU,2016-06-21,low
CUST000008,1951-04-30,2675,SA,AU,2013-06-26,medium
CUST000009,1947-01-22,2981,ACT,AU,2017-11-07,medium
CUST000010,1998-06-02,2969,TAS,AU,2016-03-30,low
CUST000011,1995-09-03,2178,SA,AU,2013-11-13,low
CUST000012,2006-12-19,2981,VIC,AU,2021-02-19,low
CUST000013,1960-09-11,0995,ACT,AU,2021-07-26,low
CUST000014,1953-10-31,2303,ACT,AU,2024-11-23,medium
CUST000015,1960-06-09,2431,TAS,AU,2018-03-19,high
CUST000016,1959-08-31,2905,QLD,AU,2014-07-06,medium
CUST000017,1965-12-08,2963,TAS,AU,2023-02-23,low
CUST000018,1958-11-30,2392,ACT,AU,2020-10-31,low
CUST000019,1990-05-13,2692,SA,AU,2019-08-11,low
CUST000020,1966-07-27,2883,NSW,AU,2023-05-24,low
CUST000021,1962-10-25,2230,NT,AU,2025-06-10,high
CUST000022,1962-03-19,2994,TAS,AU,2012-11-14,low
CUST000023,1955-02-08,5537,NT,AU,2018-06-23,low
CUST000024,2000-12-12,2902,QLD,AU,2016-04-01,low
CUST000025,1950-04-01,2698,SA,AU,2020-11-30,low
CUST000026,1958-08-17,6696,VIC,AU,2017-11-26,low
CUST000027,1955-09-03,2628,WA,AU,2020-02-21,low
CUST000028,1946-12-07,2212,TAS,AU,2022-06-02,medium
CUST000029,1951-08-20,2609,TAS,AU,2012-10-28,low
CUST000030,1966-12-06,2989,TAS,AU,2019-09-16,medium
CUST000031,1976-10-02,2780,SA,AU,2023-04-27,low
CUST000032,1989-10-16,2619,ACT,AU,2023-05-06,low
CUST000033,2000-12-15,4451,VIC,AU,2016-09-26,low
CUST000034,1970-05-02,2647,TAS,AU,2011-10-20,low
CUST000035,2005-08-27,2782,ACT,AU,2020-05-19,medium
CUST000036,2002-11-07,2548,NSW,AU,2022-02-08,low
CUST000037,1954-04-13,2635,SA,AU,2024-09-19,medium
CUST000038,1951-09-28,4809,TAS,AU,2017-04-05,low
CUST000039,1973-12-30,2015,WA,AU,2025-11-22,low
CUST000040,1995-08-25,2933,WA,AU,2012-09-23,low
CUST000041,1957-02-19,5117,SA,AU,2025-08-17,low
CUST000042,1945-06-16,4227,TAS,AU,2021-02-05,low
CUST000043,1951-12-26,2789,NSW,AU,2018-12-11,low
CUST000044,2006-05-16,2678,ACT,AU,2024-08-05,low
CUST000045,1990-06-02,2664,NSW,AU,2018-07-14,low
CUST000046,2008-06-19,2977,WA,AU,2020-07-20,low
CUST000047,1971-06-21,2619,QLD,AU,2015-12-18,low
CUST000048,1956-01-14,2350,SA,AU,2021-10-02,low
CUST000049,1978-06-10,2689,NT,AU,2015-06-29,low
CUST000050,1941-03-27,2303,ACT,AU,2012-11-21,low
CUST000051,2002-05-12,2151,ACT,AU,2020-06-28,low
CUST000052,1956-12-10,2873,QLD,AU,2020-12-01,low
CUST000053,1949-10-01,5973,VIC,AU,2025-02-03,medium
CUST000054,1972-12-06,0231,WA,AU,2013-05-24,low
CUST000055,1985-08-04,2605,SA,AU,2018-12-14,medium
CUST000056,1968-09-21,2900,SA,AU,2023-03-15,low
CUST000057,1985-03-19,2506,QLD,AU,2024-02-18,low
CUST000058,1963-11-02,2533,NSW,AU,2014-12-24,low
CUST000059,1977-03-29,2612,TAS,AU,2018-12-03,low
CUST000060,1953-03-26,2873,SA,AU,2013-01-10,low
CUST000061,1970-11-26,9108,NT,AU,2025-12-19,low
CUST000062,1941-10-01,2432,VIC,AU,2018-08-29,low
CUST000063,1973-10-17,2913,VIC,AU,2026-06-15,low
CUST000064,1968-01-14,2226,SA,AU,2011-10-13,low
CUST000065,2007-10-18,2984,WA,AU,2025-01-31,low
CUST000066,1994-03-05,2904,QLD,AU,2018-12-10,low
CUST000067,1988-02-24,9723,QLD,AU,2016-10-16,medium
CUST000068,1955-07-24,2298,NT,AU,2012-10-12,low
CUST000069,1991-08-25,2940,SA,AU,2012-08-06,high
CUST000070,1980-07-01,2918,QLD,AU,2026-04-02,medium
CUST000071,1976-11-21,2640,QLD,AU,2020-05-20,low
CUST000072,1946-03-14,2651,TAS,AU,2021-11-13,low
CUST000073,1945-05-16,2696,NSW,AU,2013-10-13,medium
CUST000074,2004-10-27,5399,NSW,AU,2012-06-02,low
CUST000075,1982-11-23,2469,TAS,AU,2021-05-12,low
CUST000076,1976-04-27,2944,VIC,AU,2015-03-22,low
CUST000077,1986-04-28,2943,WA,AU,2016-04-06,medium
CUST000078,1967-09-06,2624,VIC,AU,2019-07-11,medium
CUST000079,1962-04-06,2307,SA,AU,2022-04-24,low
CUST000080,2008-09-09,5118,TAS,AU,2015-05-16,low
CUST000081,1975-03-04,2725,VIC,AU,2012-11-30,low
CUST000082,2000-07-31,2695,WA,AU,2016-08-04,low
CUST000083,1951-06-25,2618,ACT,AU,2023-09-18,low
CUST000084,1961-05-02,0880,SA,AU,2023-02-08,low
CUST000085,1996-05-08,9412,VIC,AU,2016-03-30,low
CUST000086,1948-08-07,2582,QLD,AU,2016-05-18,low
CUST000087,1959-12-03,7353,VIC,AU,2023-06-10,low
CUST000088,1983-11-28,2787,WA,AU,2016-01-07,medium
CUST000089,2002-05-10,2216,NT,AU,2025-11-08,low
CUST000090,1959-07-29,2105,WA,AU,2024-11-11,low
CUST000091,1949-08-25,0942,QLD,AU,2024-05-09,high
CUST000092,1970-10-24,9680,NSW,AU,2013-08-25,low
CUST000093,1945-11-13,2638,SA,AU,2012-05-10,low
CUST000094,1997-07-16,2979,ACT,AU,2021-02-22,low
CUST000095,1950-10-28,2602,TAS,AU,2012-06-15,medium
CUST000096,1961-09-21,2970,SA,AU,2017-10-31,low
CUST000097,1955-01-16,2691,WA,AU,2017-10-05,low
CUST000098,1993-10-31,9692,SA,AU,2015-10-10,low
CUST000099,1999-08-01,2642,WA,AU,2018-10-04,low
CUST000100,1942-06-08,2655,WA,AU,2025-01-20,low
CUST000101,2004-02-02,0234,QLD,AU,2014-06-15,medium
CUST000102,1994-04-30,2560,ACT,AU,2026-05-09,low
CUST000103,1972-10-11,2683,QLD,AU,2025-08-21,low
CUST000104,2003-04-01,2905,WA,AU,2016-12-08,low
CUST000105,1996-08-01,2683,NSW,AU,2012-02-24,low
CUST000106,1985-08-30,2666,QLD,AU,2017-04-30,low
CUST000107,1959-09-15,2345,NT,AU,2022-08-29,low
CUST000108,1975-05-31,2998,ACT,AU,2017-05-18,medium
CUST000109,2004-08-29,2014,NT,AU,2014-10-13,low
CUST000110,1980-04-03,2701,VIC,AU,2021-11-22,low
CUST000111,1970-04-27,2965,WA,AU,2019-03-03,medium
CUST000112,1981-12-31,3169,QLD,AU,2014-12-24,medium
CUST000113,1958-01-30,2160,NT,AU,2020-08-03,high
CUST000114,2003-09-25,4356,QLD,AU,2012-12-07,low
CUST000115,2005-04-26,2959,WA,AU,2017-01-31,low
CUST000116,1985-11-21,2619,WA,AU,2023-12-28,medium
CUST000117,2001-12-29,2938,VIC,AU,2017-01-02,low
CUST000118,1986-02-16,0256,VIC,AU,2023-08-10,low
CUST000119,1960-11-12,9236,NT,AU,2023-01-21,medium
CUST000120,2004-09-26,2982,NT,AU,2022-03-20,low
CUST000121,1979-06-23,2936,ACT,AU,2021-01-24,medium
CUST000122,1997-06-25,1443,NT,AU,2019-01-22,low
CUST000123,1994-03-21,6957,SA,AU,2019-04-06,medium
CUST000124,1970-11-01,2678,QLD,AU,2019-10-18,low
CUST000125,1994-10-05,2641,SA,AU,2016-07-28,low
CUST000126,1975-10-28,0995,QLD,AU,2013-05-02,low
CUST000127,1996-06-10,2694,SA,AU,2015-07-26,medium
CUST000128,1995-08-20,2662,QLD,AU,2012-02-28,low
CUST000129,1943-11-22,2697,NSW,AU,2022-02-22,medium
CUST000130,1998-07-28,2376,NSW,AU,2022-06-17,low
CUST000131,1979-12-03,2666,TAS,AU,2020-02-26,low
CUST000132,1967-12-11,2692,VIC,AU,2022-11-27,medium
CUST000133,1987-07-16,1163,NSW,AU,2014-09-26,low
CUST000134,1995-06-20,8708,VIC,AU,2015-12-26,medium
CUST000135,2003-03-07,2619,QLD,AU,2019-07-06,low
CUST000136,1949-10-27,2908,NT,AU,2021-04-03,low
CUST000137,1981-04-08,2947,NT,AU,2022-03-02,low
CUST000138,1996-03-17,3687,NSW,AU,2014-06-14,low
CUST000139,1991-05-09,2917,NSW,AU,2016-02-26,low
CUST000140,1991-11-27,2694,TAS,AU,2024-10-09,low
CUST000141,1993-09-01,8734,NT,AU,2019-03-25,low
CUST000142,1946-01-07,2923,TAS,AU,2016-05-14,low
CUST000143,1963-08-08,2948,ACT,AU,2013-02-11,low
CUST000144,1950-03-01,2633,ACT,AU,2018-04-06,low
CUST000145,1987-12-21,2633,ACT,AU,2012-11-02,low
CUST000146,1968-12-23,0258,VIC,AU,2019-09-03,medium
CUST000147,1969-01-15,2236,NSW,AU,2018-05-16,low
CUST000148,2002-04-27,6096,SA,AU,2019-11-10,low
CUST000149,1941-02-23,2964,WA,AU,2024-07-24,high
CUST000150,1967-04-15,0288,TAS,AU,2025-05-09,low
CUST000151,1981-10-18,2687,NT,AU,2015-06-24,low
CUST000152,1959-04-27,2607,NT,AU,2012-03-28,low
CUST000153,1967-03-18,2956,VIC,AU,2024-01-24,low
CUST000154,1951-12-24,2902,TAS,AU,2022-05-01,low
CUST000155,1977-02-03,2069,TAS,AU,2021-05-07,high
CUST000156,1985-11-11,2016,SA,AU,2014-01-20,low
CUST000157,1999-09-26,2902,VIC,AU,2012-08-07,medium
CUST000158,1958-06-14,2985,NT,AU,2015-05-07,low
CUST000159,1971-09-09,2945,TAS,AU,2024-09-11,low
CUST000160,2000-08-09,2984,ACT,AU,2024-07-15,low
CUST000161,2005-06-23,0241,QLD,AU,2019-09-30,medium
CUST000162,1942-01-24,4053,ACT,AU,2022-10-21,low
CUST000163,1945-06-01,2103,QLD,AU,2015-02-19,low
CUST000164,1997-11-09,2092,WA,AU,2015-10-21,medium
CUST000165,1949-05-03,2911,ACT,AU,2021-05-04,low
CUST000166,2005-03-29,2677,WA,AU,2023-08-24,low
CUST000167,1958-03-08,2972,NT,AU,2022-01-19,low
CUST000168,1982-01-26,2619,SA,AU,2024-12-23,medium
CUST000169,1996-07-01,2644,QLD,AU,2013-08-01,low
CUST000170,1980-02-16,2049,SA,AU,2023-04-08,low
CUST000171,2002-07-16,2986,NT,AU,2023-11-28,medium
CUST000172,1954-03-30,2393,TAS,AU,2013-06-24,low
CUST000173,1988-03-10,2939,NT,AU,2025-06-13,low
CUST000174,1948-12-25,5058,NSW,AU,2019-01-12,low
CUST000175,1985-10-06,2971,VIC,AU,2020-05-08,low
CUST000176,1984-10-23,2950,ACT,AU,2026-03-14,low
CUST000177,1969-05-01,2920,NT,AU,2013-07-16,low
CUST000178,1970-04-01,2977,NT,AU,2023-10-12,low
CUST000179,1951-02-27,2602,WA,AU,2024-03-24,low
CUST000180,1976-04-02,2898,VIC,AU,2024-12-03,low
CUST000181,1973-08-25,2906,TAS,AU,2025-10-16,low
CUST000182,1990-06-29,6453,NSW,AU,2025-11-16,low
CUST000183,2004-05-07,2447,SA,AU,2015-11-23,low
CUST000184,1991-10-26,2909,WA,AU,2022-02-16,low
CUST000185,1986-03-20,2985,ACT,AU,2012-03-26,low
CUST000186,1974-05-21,2942,QLD,AU,2020-01-15,medium
CUST000187,1955-03-08,2964,ACT,AU,2017-07-14,low
CUST000188,1959-10-11,7480,ACT,AU,2020-07-14,low
CUST000189,2005-04-06,2661,NT,AU,2015-11-07,low
CUST000190,1989-09-30,0278,VIC,AU,2024-08-23,low
CUST000191,1957-02-06,2917,NT,AU,2019-05-15,low
CUST000192,1994-09-15,2014,SA,AU,2015-07-07,low
CUST000193,1968-04-07,2694,NT,AU,2023-01-15,low
CUST000194,1980-04-27,2977,WA,AU,2021-02-28,medium
CUST000195,1976-11-16,2966,NSW,AU,2024-06-08,medium
CUST000196,1978-03-14,2955,NSW,AU,2023-09-14,low
CUST000197,1971-08-16,2844,ACT,AU,2015-09-01,medium
CUST000198,1948-12-15,2665,ACT,AU,2013-10-11,high
CUST000199,1991-04-20,4233,QLD,AU,2024-04-23,medium
CUST000200,1973-09-11,2898,ACT,AU,2021-11-24,low
CUST000201,1960-01-02,2534,WA,AU,2015-08-13,low
CUST000202,1965-04-21,2654,ACT,AU,2011-12-26,low
CUST000203,1988-12-04,4240,QLD,AU,2012-09-02,medium
CUST000204,1978-05-27,2922,WA,AU,2022-08-06,low
CUST000205,1999-11-05,2920,ACT,AU,2013-06-28,low
CUST000206,2000-02-19,1947,SA,AU,2019-11-21,low
CUST000207,1970-09-20,2952,NSW,AU,2012-08-14,low
CUST000208,1957-12-05,2911,VIC,AU,2025-09-24,low
CUST000209,1945-03-12,2997,WA,AU,2013-01-02,low
CUST000210,1980-01-05,0902,VIC,AU,2014-04-14,low
CUST000211,1995-12-12,5413,TAS,AU,2013-10-05,low
CUST000212,1978-09-21,0299,QLD,AU,2025-03-13,low
CUST000213,1982-10-30,2688,VIC,AU,2018-03-20,medium
CUST000214,1971-05-28,2614,QLD,AU,2026-05-18,medium
CUST000215,1980-10-17,2604,ACT,AU,2021-06-02,low
CUST000216,1983-01-03,2291,SA,AU,2024-09-20,low
CUST000217,1954-11-20,0934,NT,AU,2022-12-24,low
CUST000218,1946-04-09,2643,ACT,AU,2014-09-14,medium
CUST000219,1978-04-23,2320,WA,AU,2018-09-11,low
CUST000220,1971-05-28,7740,WA,AU,2015-09-07,low
CUST000221,1960-05-08,2927,VIC,AU,2012-12-15,low
CUST000222,1987-07-11,2684,TAS,AU,2025-02-23,low
CUST000223,1994-08-04,0993,WA,AU,2018-12-23,low
CUST000224,1948-07-22,4324,ACT,AU,2025-10-22,low
CUST000225,1950-06-05,2302,TAS,AU,2025-03-25,low
CUST000226,1961-09-05,7947,NSW,AU,2013-11-10,low
CUST000227,1972-08-22,2936,WA,AU,2016-05-17,low
CUST000228,1974-10-21,4771,NT,AU,2021-12-02,high
CUST000229,1943-06-17,2605,VIC,AU,2022-01-06,low
CUST000230,1957-10-13,2013,ACT,AU,2023-03-20,medium
CUST000231,1997-08-19,5904,NT,AU,2021-07-19,medium
CUST000232,1943-06-26,2657,ACT,AU,2020-07-28,low
CUST000233,1985-01-30,2614,TAS,AU,2014-10-31,low
CUST000234,2008-08-03,6671,WA,AU,2019-09-28,low
CUST000235,1964-06-04,0255,VIC,AU,2023-02-23,low
CUST000236,1947-11-12,2645,VIC,AU,2018-09-30,low
CUST000237,1987-12-14,2920,SA,AU,2016-08-24,low
CUST000238,1985-11-01,2998,SA,AU,2012-05-15,medium
CUST000239,1971-09-12,2454,NT,AU,2017-03-30,low
CUST000240,1948-08-20,2998,ACT,AU,2025-10-11,low
CUST000241,2007-12-27,1876,VIC,AU,2012-08-31,low
CUST000242,1953-07-06,8597,NT,AU,2022-05-21,low
CUST000243,1970-10-29,2234,TAS,AU,2021-02-01,low
CUST000244,1949-08-30,2927,NSW,AU,2023-08-16,low
CUST000245,1973-09-24,2619,NT,AU,2012-03-27,low
CUST000246,2006-12-20,0993,ACT,AU,2023-10-27,low
CUST000247,1951-07-11,2938,TAS,AU,2011-12-23,medium
CUST000248,1978-04-30,0213,NT,AU,2026-01-22,low
CUST000249,2002-11-14,2619,ACT,AU,2019-08-06,low
CUST000250,2005-03-12,2619,QLD,AU,2022-10-06,low
