device_id,customer_id,device_type,operating_system,trusted_device,first_seen_date
DEV000001,CUST000001,mobile,Android,True,2024-07-19
DEV000002,CUST000002,tablet,Android,True,2022-10-13
DEV000003,CUST000002,tablet,Windows,True,2025-03-28
DEV000004,CUST000002,desktop,Android,True,2024-10-01
DEV000005,CUST000003,mobile,iOS,True,2025-05-05
DEV000006,CUST000003,mobile,Android,True,2022-03-07
DEV000007,CUST000003,mobile,macOS,True,2024-03-10
DEV000008,CUST000004,mobile,iOS,True,2024-05-26
DEV000009,CUST000005,mobile,macOS,True,2024-09-25
DEV000010,CUST000005,mobile,Android,True,2022-08-16
DEV000011,CUST000005,mobile,Windows,True,2026-01-22
DEV000012,CUST000006,mobile,iOS,True,2023-07-21
DEV000013,CUST000007,mobile,Android,True,2023-01-22
DEV000014,CUST000007,desktop,Windows,True,2025-11-05
DEV000015,CUST000008,mobile,iOS,True,2023-08-26
DEV000016,CUST000008,mobile,macOS,True,2022-08-31
DEV000017,CUST000009,desktop,Android,True,2024-09-20
DEV000018,CUST000009,mobile,macOS,True,2026-06-23
DEV000019,CUST000010,tablet,macOS,True,2024-11-13
DEV000020,CUST000010,mobile,iOS,True,2022-09-20
DEV000021,CUST000010,mobile,iOS,True,2024-02-11
DEV000022,CUST000011,mobile,iOS,True,2023-09-01
DEV000023,CUST000012,tablet,iOS,True,2025-05-24
DEV000024,CUST000013,desktop,Windows,True,2026-07-07
DEV000025,CUST000013,mobile,Android,True,2026-06-24
DEV000026,CUST000013,mobile,Android,True,2021-12-19
DEV000027,CUST000014,desktop,Windows,True,2024-01-07
DEV000028,CUST000015,mobile,Android,True,2021-12-27
DEV000029,CUST000015,mobile,macOS,True,2023-04-12
DEV000030,CUST000016,mobile,iOS,True,2024-01-26
DEV000031,CUST000017,tablet,Windows,True,2024-05-15
DEV000032,CUST000017,mobile,Android,True,2024-08-19
DEV000033,CUST000017,desktop,macOS,True,2024-09-23
DEV000034,CUST000018,mobile,macOS,True,2021-10-17
DEV000035,CUST000019,desktop,iOS,True,2023-04-15
DEV000036,CUST000019,mobile,iOS,True,2022-12-18
DEV000037,CUST000020,tablet,Windows,True,2026-07-24
DEV000038,CUST000020,tablet,iOS,True,2025-02-25
DEV000039,CUST000021,tablet,macOS,True,2022-05-03
DEV000040,CUST000022,desktop,Android,True,2022-12-13
DEV000041,CUST000022,mobile,macOS,True,2022-01-02
DEV000042,CUST000022,desktop,Windows,True,2022-07-11
DEV000043,CUST000023,mobile,Windows,True,2026-04-04
DEV000044,CUST000024,mobile,iOS,True,2023-07-29
DEV000045,CUST000024,mobile,Windows,True,2024-12-10
DEV000046,CUST000025,mobile,macOS,True,2025-04-25
DEV000047,CUST000025,tablet,Android,True,2025-08-08
DEV000048,CUST000026,mobile,macOS,True,2024-08-23
DEV000049,CUST000026,tablet,Android,True,2023-01-31
DEV000050,CUST000026,mobile,Windows,True,2024-11-21
DEV000051,CUST000027,tablet,iOS,True,2024-05-24
DEV000052,CUST000027,desktop,iOS,True,2024-07-02
DEV000053,CUST000027,desktop,Windows,True,2026-07-28
DEV000054,CUST000028,mobile,macOS,True,2022-06-19
DEV000055,CUST000029,mobile,Windows,True,2022-03-11
DEV000056,CUST000029,desktop,iOS,True,2023-01-25
DEV000057,CUST000030,mobile,Windows,True,2023-01-31
DEV000058,CUST000031,mobile,Windows,True,2022-03-02
DEV000059,CUST000031,mobile,macOS,True,2022-06-09
DEV000060,CUST000031,desktop,Android,True,2024-01-22
DEV000061,CUST000032,mobile,iOS,True,2025-07-06
DEV000062,CUST000032,mobile,macOS,True,2025-05-08
DEV000063,CUST000032,mobile,Android,True,2025-11-15
DEV000064,CUST000033,desktop,macOS,True,2025-07-03
DEV000065,CUST000033,mobile,iOS,True,2025-04-07
DEV000066,CUST000034,mobile,Windows,True,2024-01-25
DEV000067,CUST000034,mobile,Android,True,2023-07-30
DEV000068,CUST000034,mobile,iOS,True,2026-02-06
DEV000069,CUST000035,mobile,macOS,True,2022-09-17
DEV000070,CUST000035,mobile,Android,True,2024-09-05
DEV000071,CUST000035,mobile,macOS,True,2025-05-26
DEV000072,CUST000036,mobile,Windows,True,2022-09-08
DEV000073,CUST000036,desktop,iOS,True,2024-02-26
DEV000074,CUST000037,desktop,Android,True,2025-11-18
DEV000075,CUST000037,mobile,iOS,True,2026-03-24
DEV000076,CUST000037,tablet,macOS,True,2024-05-14
DEV000077,CUST000038,mobile,Android,True,2022-02-17
DEV000078,CUST000039,desktop,Android,True,2023-08-15
DEV000079,CUST000040,mobile,Android,True,2025-02-08
DEV000080,CUST000040,mobile,Windows,True,2022-03-18
DEV000081,CUST000040,mobile,iOS,True,2021-10-22
DEV000082,CUST000041,mobile,Android,True,2023-06-26
DEV000083,CUST000041,desktop,iOS,True,2024-04-22
DEV000084,CUST000042,mobile,macOS,True,2023-07-17
DEV000085,CUST000042,mobile,iOS,True,2022-11-29
DEV000086,CUST000042,desktop,iOS,True,2023-12-01
DEV000087,CUST000043,desktop,macOS,True,2024-03-16
DEV000088,CUST000044,mobile,Android,True,2024-07-14
DEV000089,CUST000044,mobile,iOS,True,2022-10-06
DEV000090,CUST000044,mobile,iOS,True,2021-10-23
DEV000091,CUST000045,desktop,iOS,True,2025-12-22
DEV000092,CUST000045,mobile,iOS,True,2025-05-28
DEV000093,CUST000046,desktop,Windows,True,2023-03-28
DEV000094,CUST000047,tablet,iOS,True,2022-11-04
DEV000095,CUST000047,desktop,Windows,True,2024-12-23
DEV000096,CUST000048,mobile,Windows,True,2026-04-10
DEV000097,CUST000049,mobile,Windows,True,2023-09-13
DEV000098,CUST000049,mobile,iOS,True,2025-12-31
DEV000099,CUST000049,mobile,Android,True,2026-06-30
DEV000100,CUST000050,mobile,macOS,True,2024-10-03
DEV000101,CUST000050,mobile,macOS,True,2022-05-10
DEV000102,CUST000051,desktop,Windows,True,2025-02-13
DEV000103,CUST000052,mobile,Windows,True,2022-02-07
DEV000104,CUST000053,mobile,macOS,True,2025-06-15
DEV000105,CUST000053,mobile,macOS,True,2021-11-26
DEV000106,CUST000053,mobile,Android,True,2025-08-27
DEV000107,CUST000054,desktop,iOS,True,2022-05-28
DEV000108,CUST000054,mobile,Android,True,2024-05-28
DEV000109,CUST000054,mobile,Android,True,2025-05-24
DEV000110,CUST000055,mobile,Android,True,2025-03-08
DEV000111,CUST000055,mobile,Windows,True,2025-04-18
DEV000112,CUST000056,mobile,iOS,True,2024-03-16
DEV000113,CUST000056,mobile,Windows,True,2022-09-21
DEV000114,CUST000056,mobile,Windows,True,2025-03-10
DEV000115,CUST000057,mobile,Android,True,2021-12-02
DEV000116,CUST000057,mobile,macOS,True,2024-07-04
DEV000117,CUST000057,mobile,iOS,True,2023-03-16
DEV000118,CUST000058,mobile,Windows,True,2025-08-28
DEV000119,CUST000058,desktop,Android,True,2024-10-27
DEV000120,CUST000058,tablet,Windows,True,2022-06-29
DEV000121,CUST000059,mobile,Android,True,2025-06-16
DEV000122,CUST000059,mobile,Windows,True,2022-08-23
DEV000123,CUST000059,mobile,macOS,True,2023-10-24
DEV000124,CUST000060,mobile,Windows,True,2025-06-13
DEV000125,CUST000060,tablet,iOS,True,2025-02-24
DEV000126,CUST000060,mobile,iOS,True,2026-03-14
DEV000127,CUST000061,desktop,Android,True,2022-05-31
DEV000128,CUST000061,mobile,Windows,True,2025-02-09
DEV000129,CUST000061,desktop,Android,True,2024-05-19
DEV000130,CUST000062,mobile,Android,True,2024-08-18
DEV000131,CUST000062,mobile,iOS,True,2023-08-18
DEV000132,CUST000063,mobile,Windows,True,2024-07-29
DEV000133,CUST000064,tablet,Windows,True,2023-03-05
DEV000134,CUST000064,mobile,Windows,True,2022-05-24
DEV000135,CUST000065,mobile,Windows,True,2026-02-01
DEV000136,CUST000066,mobile,macOS,True,2022-09-18
DEV000137,CUST000067,mobile,Windows,True,2026-04-04
DEV000138,CUST000067,mobile,Android,True,2026-01-30
DEV000139,CUST000068,tablet,iOS,True,2023-05-24
DEV000140,CUST000068,desktop,iOS,True,2024-09-18
DEV000141,CUST000069,tablet,Windows,True,2024-09-23
DEV000142,CUST000069,desktop,Android,True,2022-12-31
DEV000143,CUST000069,mobile,macOS,True,2023-10-03
DEV000144,CUST000070,mobile,Android,True,2022-08-14
DEV000145,CUST000070,mobile,Windows,True,2022-12-27
DEV000146,CUST000070,desktop,Windows,True,2023-12-03
DEV000147,CUST000071,mobile,macOS,True,2023-06-03
DEV000148,CUST000072,desktop,Windows,True,2023-03-22
DEV000149,CUST000072,desktop,Android,True,2023-01-16
DEV000150,CUST000073,mobile,Windows,True,2022-05-21
DEV000151,CUST000074,mobile,macOS,True,2023-04-02
DEV000152,CUST000074,desktop,Android,True,2025-12-12
DEV000153,CUST000074,desktop,macOS,True,2025-09-09
DEV000154,CUST000075,tablet,macOS,True,2026-07-16
DEV000155,CUST000075,mobile,Android,True,2025-07-24
DEV000156,CUST000075,mobile,iOS,True,2026-07-18
DEV000157,CUST000076,mobile,Windows,True,2024-06-29
DEV000158,CUST000076,mobile,Windows,True,2024-06-07
DEV000159,CUST000077,mobile,Windows,True,2023-01-11
DEV000160,CUST000077,mobile,Windows,True,2025-06-26
DEV000161,CUST000077,mobile,iOS,True,2022-04-29
DEV000162,CUST000078,mobile,macOS,True,2025-09-24
DEV000163,CUST000078,mobile,iOS,True,2025-07-03
DEV000164,CUST000079,mobile,iOS,True,2024-04-26
DEV000165,CUST000079,mobile,iOS,True,2024-01-30
DEV000166,CUST000079,mobile,Android,True,2022-03-22
DEV000167,CUST000080,mobile,Windows,True,2024-09-26
DEV000168,CUST000080,mobile,iOS,True,2026-01-22
DEV000169,CUST000081,mobile,Windows,True,2022-05-17
DEV000170,CUST000081,desktop,iOS,True,2024-05-20
DEV000171,CUST000081,mobile,iOS,True,2025-09-02
DEV000172,CUST000082,mobile,Android,True,2025-08-03
DEV000173,CUST000083,desktop,iOS,True,2022-01-23
DEV000174,CUST000083,desktop,iOS,True,2022-03-24
DEV000175,CUST000084,mobile,Windows,True,2024-11-17
DEV000176,CUST000085,mobile,Windows,True,2024-03-08
DEV000177,CUST000085,mobile,iOS,True,2022-05-25
DEV000178,CUST000085,mobile,iOS,True,2022-07-06
DEV000179,CUST000086,mobile,macOS,True,2026-01-21
DEV000180,CUST000086,mobile,macOS,True,2025-01-05
DEV000181,CUST000086,mobile,macOS,True,2025-09-05
DEV000182,CUST000087,mobile,Windows,True,2026-06-17
DEV000183,CUST000087,mobile,iOS,True,2022-02-03
DEV000184,CUST000088,tablet,Android,True,2025-07-27
DEV000185,CUST000089,mobile,iOS,True,2023-05-06
DEV000186,CUST000089,mobile,iOS,True,2024-06-23
DEV000187,CUST000090,tablet,Windows,True,2025-10-15
DEV000188,CUST000090,tablet,macOS,True,2026-01-03
DEV000189,CUST000091,mobile,iOS,True,2023-01-10
DEV000190,CUST000092,mobile,Windows,True,2022-04-09
DEV000191,CUST000092,mobile,macOS,True,2025-07-29
DEV000192,CUST000093,mobile,iOS,True,2022-08-16
DEV000193,CUST000094,mobile,iOS,True,2024-08-31
DEV000194,CUST000094,desktop,macOS,True,2022-06-18
DEV000195,CUST000095,desktop,iOS,True,2026-01-13
DEV000196,CUST000095,mobile,Android,True,2023-03-19
DEV000197,CUST000096,desktop,Windows,True,2022-01-28
DEV000198,CUST000096,tablet,iOS,True,2023-11-07
DEV000199,CUST000096,desktop,iOS,True,2025-06-20
DEV000200,CUST000097,desktop,iOS,True,2025-06-25
DEV000201,CUST000097,mobile,Windows,True,2026-03-15
DEV000202,CUST000097,desktop,iOS,True,2026-03-11
DEV000203,CUST000098,mobile,Android,True,2023-02-04
DEV000204,CUST000098,mobile,Android,True,2024-11-02
DEV000205,CUST000099,tablet,iOS,True,2024-11-30
DEV000206,CUST000099,mobile,Windows,True,2024-02-24
DEV000207,CUST000100,desktop,Windows,True,2025-01-14
DEV000208,CUST000100,mobile,Android,True,2025-03-22
DEV000209,CUST000100,mobile,macOS,True,2024-08-15
DEV000210,CUST000101,tablet,iOS,True,2022-03-10
DEV000211,CUST000101,mobile,Android,True,2024-08-03
DEV000212,CUST000101,mobile,Windows,True,2022-04-21
DEV000213,CUST000102,desktop,Windows,True,2024-07-19
DEV000214,CUST000102,mobile,Windows,True,2022-07-19
DEV000215,CUST000103,mobile,macOS,True,2026-06-28
DEV000216,CUST000103,desktop,macOS,True,2025-01-12
DEV000217,CUST000103,mobile,iOS,True,2024-02-28
DEV000218,CUST000104,mobile,macOS,True,2023-11-20
DEV000219,CUST000104,mobile,Windows,True,2023-01-09
DEV000220,CUST000105,mobile,Android,True,2024-07-30
DEV000221,CUST000105,mobile,iOS,True,2022-06-09
DEV000222,CUST000105,mobile,Android,True,2022-12-12
DEV000223,CUST000106,mobile,macOS,True,2024-09-19
DEV000224,CUST000107,mobile,Windows,True,2024-05-19
DEV000225,CUST000107,desktop,Android,True,2025-01-28
DEV000226,CUST000107,mobile,Android,True,2022-11-03
DEV000227,CUST000108,mobile,macOS,True,2022-06-19
DEV000228,CUST000108,mobile,macOS,True,2024-05-17
DEV000229,CUST000108,mobile,Android,True,2026-07-01
DEV000230,CUST000109,mobile,Android,True,2024-12-12
DEV000231,CUST000109,mobile,iOS,True,2024-07-15
DEV000232,CUST000109,mobile,iOS,True,2022-10-31
DEV000233,CUST000110,mobile,Android,True,2026-03-22
DEV000234,CUST000111,mobile,Windows,True,2022-07-16
DEV000235,CUST000112,mobile,Android,True,2025-05-06
DEV000236,CUST000112,mobile,Android,True,2026-01-25
DEV000237,CUST000113,mobile,Windows,True,2024-10-27
DEV000238,CUST000113,mobile,macOS,True,2021-11-24
DEV000239,CUST000113,mobile,iOS,True,2024-10-29
DEV000240,CUST000114,mobile,iOS,True,2024-05-15
DEV000241,CUST000114,mobile,macOS,True,2023-04-12
DEV000242,CUST000115,mobile,macOS,True,2023-07-26
DEV000243,CUST000115,mobile,Windows,True,2024-08-25
DEV000244,CUST000115,mobile,Windows,True,2025-11-17
DEV000245,CUST000116,mobile,macOS,True,2023-05-18
DEV000246,CUST000116,mobile,Android,True,2023-09-02
DEV000247,CUST000117,desktop,macOS,True,2022-11-30
DEV000248,CUST000118,mobile,iOS,True,2023-01-23
DEV000249,CUST000119,mobile,macOS,True,2022-05-26
DEV000250,CUST000120,mobile,macOS,True,2024-04-04
DEV000251,CUST000120,desktop,macOS,True,2022-08-09
DEV000252,CUST000120,mobile,macOS,True,2026-01-23
DEV000253,CUST000121,mobile,Android,True,2026-05-03
DEV000254,CUST000121,mobile,macOS,True,2026-03-22
DEV000255,CUST000122,desktop,iOS,True,2022-01-24
DEV000256,CUST000122,mobile,iOS,True,2024-08-10
DEV000257,CUST000123,mobile,macOS,True,2022-11-10
DEV000258,CUST000124,desktop,Android,True,2024-12-12
DEV000259,CUST000125,mobile,Android,True,2023-01-21
DEV000260,CUST000126,desktop,iOS,True,2023-02-15
DEV000261,CUST000127,mobile,Android,True,2023-04-13
DEV000262,CUST000127,mobile,Windows,True,2023-02-25
DEV000263,CUST000127,desktop,Android,True,2025-06-19
DEV000264,CUST000128,desktop,Windows,True,2022-02-11
DEV000265,CUST000128,mobile,macOS,True,2025-03-28
DEV000266,CUST000128,desktop,Windows,True,2024-11-03
DEV000267,CUST000129,mobile,Android,True,2023-10-06
DEV000268,CUST000130,mobile,macOS,True,2025-07-10
DEV000269,CUST000130,mobile,macOS,True,2024-03-02
DEV000270,CUST000131,mobile,Windows,True,2025-07-24
DEV000271,CUST000131,mobile,Android,True,2023-09-26
DEV000272,CUST000131,mobile,Windows,True,2026-04-15
DEV000273,CUST000132,mobile,Android,True,2023-10-12
DEV000274,CUST000133,mobile,Android,True,2024-05-17
DEV000275,CUST000134,mobile,Android,True,2025-09-25
DEV000276,CUST000135,tablet,Android,True,2023-05-24
DEV000277,CUST000135,mobile,Android,True,2024-11-14
DEV000278,CUST000136,mobile,macOS,True,2025-06-28
DEV000279,CUST000137,desktop,iOS,True,2025-09-02
DEV000280,CUST000138,mobile,Android,True,2024-02-21
DEV000281,CUST000138,mobile,Windows,True,2024-12-28
DEV000282,CUST000139,mobile,Windows,True,2026-01-08
DEV000283,CUST000140,mobile,Android,True,2026-03-25
DEV000284,CUST000140,desktop,macOS,True,2025-04-21
DEV000285,CUST000140,mobile,iOS,True,2023-02-14
DEV000286,CUST000141,tablet,Windows,True,2023-06-11
DEV000287,CUST000141,mobile,macOS,True,2022-12-02
DEV000288,CUST000141,mobile,iOS,True,2023-11-14
DEV000289,CUST000142,mobile,macOS,True,2022-03-10
DEV000290,CUST000142,mobile,iOS,True,2025-10-31
DEV000291,CUST000143,desktop,iOS,True,2024-11-25
DEV000292,CUST000143,mobile,Android,True,2026-06-17
DEV000293,CUST000144,mobile,macOS,True,2022-08-13
DEV000294,CUST000145,mobile,macOS,True,2026-02-17
DEV000295,CUST000146,mobile,Android,True,2022-10-21
DEV000296,CUST000147,mobile,Android,True,2024-03-02
DEV000297,CUST000148,mobile,Android,True,2022-06-16
DEV000298,CUST000148,mobile,Android,True,2023-02-09
DEV000299,CUST000149,mobile,iOS,True,2024-01-24
DEV000300,CUST000149,tablet,Windows,True,2025-07-25
DEV000301,CUST000150,desktop,iOS,True,2026-02-09
DEV000302,CUST000150,mobile,Windows,True,2022-12-30
DEV000303,CUST000150,mobile,iOS,True,2025-06-19
DEV000304,CUST000151,tablet,Windows,True,2022-07-10
DEV000305,CUST000151,desktop,macOS,True,2023-08-19
DEV000306,CUST000151,mobile,iOS,True,2025-07-31
DEV000307,CUST000152,desktop,macOS,True,2024-09-19
DEV000308,CUST000152,desktop,Android,True,2021-12-20
DEV000309,CUST000152,mobile,macOS,True,2025-04-10
DEV000310,CUST000153,tablet,iOS,True,2022-03-13
DEV000311,CUST000153,mobile,iOS,True,2025-02-11
DEV000312,CUST000153,mobile,Windows,True,2026-01-05
DEV000313,CUST000154,tablet,macOS,True,2024-12-03
DEV000314,CUST000154,desktop,Windows,True,2023-10-01
DEV000315,CUST000154,mobile,macOS,True,2025-01-10
DEV000316,CUST000155,mobile,macOS,True,2022-06-09
DEV000317,CUST000156,mobile,Android,True,2024-12-06
DEV000318,CUST000157,mobile,macOS,True,2023-08-27
DEV000319,CUST000158,desktop,iOS,True,2021-12-25
DEV000320,CUST000158,desktop,Android,True,2024-06-15
DEV000321,CUST000159,mobile,Android,True,2022-08-02
DEV000322,CUST000159,mobile,iOS,True,2024-08-05
DEV000323,CUST000159,mobile,Android,True,2022-12-26
DEV000324,CUST000160,mobile,Windows,True,2022-11-30
DEV000325,CUST000160,mobile,Windows,True,2022-01-26
DEV000326,CUST000161,mobile,Android,True,2024-03-08
DEV000327,CUST000161,mobile,macOS,True,2025-10-05
DEV000328,CUST000162,tablet,macOS,True,2022-12-04
DEV000329,CUST000162,desktop,Windows,True,2025-09-25
DEV000330,CUST000162,mobile,macOS,True,2025-07-23
DEV000331,CUST000163,mobile,Windows,True,2021-10-15
DEV000332,CUST000163,desktop,Android,True,2022-06-02
DEV000333,CUST000163,mobile,Windows,True,2021-11-27
DEV000334,CUST000164,mobile,macOS,True,2023-12-03
DEV000335,CUST000165,tablet,Windows,True,2023-07-31
DEV000336,CUST000165,mobile,Android,True,2023-01-06
DEV000337,CUST000166,desktop,iOS,True,2026-05-31
DEV000338,CUST000166,mobile,iOS,True,2026-03-26
DEV000339,CUST000167,mobile,Android,True,2025-05-06
DEV000340,CUST000168,desktop,iOS,True,2022-09-09
DEV000341,CUST000168,desktop,Android,True,2024-03-12
DEV000342,CUST000169,mobile,iOS,True,2023-10-07
DEV000343,CUST000170,tablet,Android,True,2024-04-21
DEV000344,CUST000170,mobile,Android,True,2022-10-12
DEV000345,CUST000171,desktop,iOS,True,2022-02-24
DEV000346,CUST000171,mobile,Android,True,2023-10-09
DEV000347,CUST000171,mobile,macOS,True,2025-04-25
DEV000348,CUST000172,mobile,macOS,True,2025-08-19
DEV000349,CUST000172,mobile,Windows,True,2022-04-12
DEV000350,CUST000172,desktop,macOS,True,2022-09-08
DEV000351,CUST000173,mobile,Android,True,2025-12-29
DEV000352,CUST000173,mobile,Windows,True,2026-04-21
DEV000353,CUST000174,mobile,Windows,True,2021-11-19
DEV000354,CUST000174,mobile,macOS,True,2026-02-16
DEV000355,CUST000175,mobile,Windows,True,2023-10-20
DEV000356,CUST000175,mobile,iOS,True,2022-12-19
DEV000357,CUST000176,mobile,Windows,True,2024-03-21
DEV000358,CUST000176,mobile,Windows,True,2025-05-24
DEV000359,CUST000177,tablet,macOS,True,2021-10-03
DEV000360,CUST000177,desktop,Android,True,2024-09-29
DEV000361,CUST000177,mobile,iOS,True,2023-10-16
DEV000362,CUST000178,mobile,Android,True,2025-04-15
DEV000363,CUST000178,mobile,macOS,True,2023-05-03
DEV000364,CUST000178,mobile,iOS,True,2022-06-21
DEV000365,CUST000179,mobile,Android,True,2026-03-13
DEV000366,CUST000179,mobile,Windows,True,2024-10-23
DEV000367,CUST000180,mobile,Android,True,2022-04-27
DEV000368,CUST000181,mobile,Windows,True,2026-03-21
DEV000369,CUST000181,tablet,Windows,True,2026-05-16
DEV000370,CUST000182,mobile,Android,True,2026-01-22
DEV000371,CUST000183,mobile,macOS,True,2026-01-23
DEV000372,CUST000184,tablet,macOS,True,2026-06-16
DEV000373,CUST000185,mobile,iOS,True,2021-12-01
DEV000374,CUST000185,mobile,Windows,True,2025-01-24
DEV000375,CUST000186,mobile,iOS,True,2025-09-28
DEV000376,CUST000186,mobile,iOS,True,2022-02-11
DEV000377,CUST000186,mobile,Windows,True,2025-01-12
DEV000378,CUST000187,mobile,iOS,True,2024-12-01
DEV000379,CUST000187,desktop,Windows,True,2023-11-26
DEV000380,CUST000187,mobile,macOS,True,2021-11-18
DEV000381,CUST000188,tablet,Windows,True,2024-10-12
DEV000382,CUST000188,desktop,macOS,True,2022-04-26
DEV000383,CUST000189,mobile,iOS,True,2024-09-04
DEV000384,CUST000190,desktop,iOS,True,2023-10-18
DEV000385,CUST000190,mobile,Android,True,2022-08-17
DEV000386,CUST000190,mobile,Android,True,2024-07-28
DEV000387,CUST000191,tablet,Android,True,2022-11-17
DEV000388,CUST000191,mobile,Windows,True,2022-02-13
DEV000389,CUST000191,desktop,iOS,True,2024-09-27
DEV000390,CUST000192,mobile,macOS,True,2026-05-22
DEV000391,CUST000192,mobile,iOS,True,2024-08-15
DEV000392,CUST000192,tablet,macOS,True,2023-03-26
DEV000393,CUST000193,mobile,Windows,True,2025-09-11
DEV000394,CUST000193,mobile,Windows,True,2025-10-24
DEV000395,CUST000194,tablet,Windows,True,2023-04-18
DEV000396,CUST000195,mobile,macOS,True,2022-11-21
DEV000397,CUST000196,desktop,Android,True,2022-04-13
DEV000398,CUST000196,mobile,macOS,True,2025-08-20
DEV000399,CUST000196,mobile,macOS,True,2022-01-21
DEV000400,CUST000197,mobile,macOS,True,2024-03-28
DEV000401,CUST000197,mobile,Windows,True,2023-06-17
DEV000402,CUST000198,desktop,Windows,True,2022-02-12
DEV000403,CUST000199,mobile,macOS,True,2023-06-10
DEV000404,CUST000199,mobile,iOS,True,2022-02-06
DEV000405,CUST000200,mobile,iOS,True,2024-06-05
DEV000406,CUST000201,mobile,iOS,True,2024-05-19
DEV000407,CUST000202,mobile,Windows,True,2026-02-16
DEV000408,CUST000202,mobile,macOS,True,2025-02-17
DEV000409,CUST000202,mobile,iOS,True,2026-05-13
DEV000410,CUST000203,mobile,Android,True,2025-10-08
DEV000411,CUST000203,desktop,Android,True,2023-11-25
DEV000412,CUST000204,mobile,iOS,True,2022-01-20
DEV000413,CUST000205,mobile,Windows,True,2023-05-15
DEV000414,CUST000206,mobile,Windows,True,2024-03-05
DEV000415,CUST000206,desktop,Android,True,2024-10-12
DEV000416,CUST000206,mobile,iOS,True,2022-02-24
DEV000417,CUST000207,desktop,Windows,True,2024-07-26
DEV000418,CUST000208,mobile,Android,True,2024-01-25
DEV000419,CUST000208,mobile,Android,True,2022-10-20
DEV000420,CUST000208,mobile,iOS,True,2024-11-15
DEV000421,CUST000209,mobile,Windows,True,2025-06-17
DEV000422,CUST000209,tablet,iOS,True,2025-02-22
DEV000423,CUST000210,desktop,Windows,True,2025-06-26
DEV000424,CUST000211,mobile,Android,True,2025-01-12
DEV000425,CUST000211,mobile,iOS,True,2024-08-17
DEV000426,CUST000211,desktop,Windows,True,2023-05-02
DEV000427,CUST000212,mobile,macOS,True,2025-12-18
DEV000428,CUST000213,tablet,macOS,True,2025-12-22
DEV000429,CUST000213,mobile,Android,True,2024-11-13
DEV000430,CUST000214,mobile,macOS,True,2026-02-28
DEV000431,CUST000214,desktop,macOS,True,2024-01-05
DEV000432,CUST000214,mobile,iOS,True,2022-06-12
DEV000433,CUST000215,mobile,macOS,True,2025-05-09
DEV000434,CUST000216,mobile,Windows,True,2022-06-01
DEV000435,CUST000216,mobile,iOS,True,2025-05-28
DEV000436,CUST000216,mobile,Android,True,2023-04-12
DEV000437,CUST000217,mobile,Android,True,2026-05-20
DEV000438,CUST000218,mobile,Android,True,2024-03-29
DEV000439,CUST000218,mobile,iOS,True,2024-06-22
DEV000440,CUST000218,desktop,iOS,True,2022-08-13
DEV000441,CUST000219,mobile,Windows,True,2022-06-04
DEV000442,CUST000220,desktop,Windows,True,2024-07-13
DEV000443,CUST000220,mobile,Android,True,2024-04-04
DEV000444,CUST000221,mobile,iOS,True,2024-05-08
DEV000445,CUST000222,tablet,iOS,True,2025-07-15
DEV000446,CUST000223,mobile,Android,True,2025-05-14
DEV000447,CUST000223,mobile,Windows,True,2023-02-28
DEV000448,CUST000223,mobile,Android,True,2025-07-09
DEV000449,CUST000224,mobile,Windows,True,2024-09-25
DEV000450,CUST000224,mobile,iOS,True,2025-07-19
DEV000451,CUST000224,desktop,macOS,True,2022-02-07
DEV000452,CUST000225,mobile,Windows,True,2024-09-28
DEV000453,CUST000226,mobile,Windows,True,2025-06-11
DEV000454,CUST000227,tablet,Windows,True,2024-01-30
DEV000455,CUST000227,desktop,macOS,True,2022-03-26
DEV000456,CUST000228,mobile,macOS,True,2022-05-20
DEV000457,CUST000228,mobile,Windows,True,2025-03-14
DEV000458,CUST000229,mobile,Windows,True,2024-10-31
DEV000459,CUST000230,mobile,macOS,True,2026-02-09
DEV000460,CUST000230,mobile,macOS,True,2023-02-08
DEV000461,CUST000230,mobile,macOS,True,2022-01-03
DEV000462,CUST000231,mobile,Android,True,2022-12-16
DEV000463,CUST000231,mobile,iOS,True,2025-06-21
DEV000464,CUST000232,desktop,iOS,True,2022-01-15
DEV000465,CUST000233,mobile,iOS,True,2022-10-26
DEV000466,CUST000233,tablet,macOS,True,2022-04-25
DEV000467,CUST000233,desktop,iOS,True,2023-10-02
DEV000468,CUST000234,mobile,Windows,True,2024-11-10
DEV000469,CUST000234,mobile,macOS,True,2024-10-28
DEV000470,CUST000234,tablet,Windows,True,2024-12-31
DEV000471,CUST000235,tablet,macOS,True,2026-07-27
DEV000472,CUST000236,mobile,Windows,True,2022-01-07
DEV000473,CUST000236,mobile,iOS,True,2023-01-18
DEV000474,CUST000236,mobile,macOS,True,2025-07-27
DEV000475,CUST000237,mobile,Windows,True,2024-11-24
DEV000476,CUST000238,desktop,macOS,True,2024-11-27
DEV000477,CUST000238,mobile,iOS,True,2025-07-09
DEV000478,CUST000238,mobile,iOS,True,2022-05-25
DEV000479,CUST000239,mobile,Android,True,2022-11-30
DEV000480,CUST000239,mobile,Android,True,2026-03-31
DEV000481,CUST000240,mobile,macOS,True,2024-11-12
DEV000482,CUST000240,mobile,Windows,True,2025-02-16
DEV000483,CUST000241,mobile,Windows,True,2024-06-01
DEV000484,CUST000241,tablet,macOS,True,2024-02-11
DEV000485,CUST000242,mobile,iOS,True,2023-11-13
DEV000486,CUST000242,mobile,Windows,True,2022-09-16
DEV000487,CUST000243,mobile,Android,True,2021-12-18
DEV000488,CUST000244,mobile,macOS,True,2023-04-30
DEV000489,CUST000244,mobile,Android,True,2025-12-27
DEV000490,CUST000244,mobile,Windows,True,2026-02-23
DEV000491,CUST000245,desktop,Windows,True,2025-01-13
DEV000492,CUST000246,mobile,Windows,True,2026-07-10
DEV000493,CUST000246,mobile,Windows,True,2022-09-29
DEV000494,CUST000247,desktop,iOS,True,2023-12-21
DEV000495,CUST000247,mobile,Windows,True,2023-12-16
DEV000496,CUST000248,mobile,Android,True,2025-07-16
DEV000497,CUST000249,mobile,iOS,True,2023-07-27
DEV000498,CUST000249,mobile,macOS,True,2024-03-04
DEV000499,CUST000249,mobile,macOS,True,2025-12-03
DEV000500,CUST000250,mobile,iOS,True,2023-06-12
DEV000501,CUST000250,mobile,iOS,True,2022-10-15
DEV000502,CUST000250,mobile,macOS,True,2022-11-24
DEV-ATO-001,CUST000043,mobile,Linux,False,2026-09-11
DEV-ATO-002,CUST000071,desktop,Windows,False,2026-08-23
DEV-ATO-003,CUST000104,desktop,Linux,False,2026-08-13
DEV-ATO-004,CUST000114,desktop,Windows,False,2026-09-16
DEV-ATO-005,CUST000010,desktop,Linux,False,2026-08-12
DEV-ATO-006,CUST000090,mobile,Android,False,2026-09-17
DEV-ATO-007,CUST000220,desktop,Linux,False,2026-09-09
DEV-ATO-008,CUST000004,mobile,Linux,False,2026-09-21
DEV-ATO-009,CUST000064,desktop,Android,False,2026-09-15
DEV-ATO-010,CUST000091,mobile,Windows,False,2026-08-08
DEV-ATO-011,CUST000074,mobile,Linux,False,2026-08-06
DEV-ATO-012,CUST000046,mobile,Linux,False,2026-08-27
DEV-ATO-013,CUST000197,mobile,Windows,False,2026-09-01
DEV-ATO-014,CUST000027,mobile,Android,False,2026-09-14
DEV-ATO-015,CUST000010,desktop,Android,False,2026-08-06
DEV-ATO-016,CUST000173,mobile,Android,False,2026-09-12
DEV-ATO-017,CUST000087,mobile,Android,False,2026-08-28
DEV-ATO-018,CUST000089,mobile,Windows,False,2026-09-16
DEV-ATO-019,CUST000114,desktop,Linux,False,2026-08-27
DEV-ATO-020,CUST000068,mobile,Linux,False,2026-08-31
DEV-ATO-021,CUST000139,desktop,Linux,False,2026-09-25
DEV-ATO-022,CUST000054,desktop,Android,False,2026-09-28
DEV-ATO-023,CUST000207,mobile,Linux,False,2026-09-20
DEV-ATO-024,CUST000204,desktop,Linux,False,2026-08-07
DEV-ATO-025,CUST000022,desktop,Windows,False,2026-09-01
