fraud_event_id,fraud_scenario,transaction_count,customer_count,total_amount,first_timestamp,last_timestamp
EVT-ATO-001,account_takeover,1,1,7733.77,2026-09-11 15:34:02+00:00,2026-09-11 15:34:02+00:00
EVT-ATO-002,account_takeover,1,1,9464.39,2026-08-23 06:55:13+00:00,2026-08-23 06:55:13+00:00
EVT-ATO-003,account_takeover,1,1,11740.08,2026-08-13 09:51:54+00:00,2026-08-13 09:51:54+00:00
EVT-ATO-004,account_takeover,1,1,7756.45,2026-09-16 21:12:48+00:00,2026-09-16 21:12:48+00:00
EVT-ATO-005,account_takeover,1,1,5039.37,2026-08-12 03:37:36+00:00,2026-08-12 03:37:36+00:00
EVT-ATO-006,account_takeover,1,1,9358.51,2026-09-17 01:19:49+00:00,2026-09-17 01:19:49+00:00
EVT-ATO-007,account_takeover,1,1,10661.43,2026-09-09 09:23:41+00:00,2026-09-09 09:23:41+00:00
EVT-ATO-008,account_takeover,1,1,10658.08,2026-09-21 00:21:09+00:00,2026-09-21 00:21:09+00:00
EVT-ATO-009,account_takeover,1,1,7099.83,2026-09-15 14:25:37+00:00,2026-09-15 14:25:37+00:00
EVT-ATO-010,account_takeover,1,1,5118.02,2026-08-08 18:38:49+00:00,2026-08-08 18:38:49+00:00
EVT-ATO-011,account_takeover,1,1,4058.9,2026-08-06 14:30:38+00:00,2026-08-06 14:30:38+00:00
EVT-ATO-012,account_takeover,1,1,9641.32,2026-08-27 08:10:53+00:00,2026-08-27 08:10:53+00:00
EVT-ATO-013,account_takeover,1,1,7671.33,2026-09-01 23:51:19+00:00,2026-09-01 23:51:19+00:00
EVT-ATO-014,account_takeover,1,1,4916.24,2026-09-14 03:09:58+00:00,2026-09-14 03:09:58+00:00
EVT-ATO-015,account_takeover,1,1,7768.77,2026-08-06 17:30:35+00:00,2026-08-06 17:30:35+00:00
EVT-ATO-016,account_takeover,1,1,9077.75,2026-09-12 21:47:32+00:00,2026-09-12 21:47:32+00:00
EVT-ATO-017,account_takeover,1,1,8473.66,2026-08-28 08:26:25+00:00,2026-08-28 08:26:25+00:00
EVT-ATO-018,account_takeover,1,1,7493.74,2026-09-16 06:29:18+00:00,2026-09-16 06:29:18+00:00
EVT-ATO-019,account_takeover,1,1,7268.23,2026-08-27 00:23:43+00:00,2026-08-27 00:23:43+00:00
EVT-ATO-020,account_takeover,1,1,4466.42,2026-08-31 16:39:48+00:00,2026-08-31 16:39:48+00:00
EVT-ATO-021,account_takeover,1,1,6348.75,2026-09-25 12:31:09+00:00,2026-09-25 12:31:09+00:00
EVT-ATO-022,account_takeover,1,1,10271.19,2026-09-28 05:33:28+00:00,2026-09-28 05:33:28+00:00
EVT-ATO-023,account_takeover,1,1,7251.09,2026-09-20 00:48:43+00:00,2026-09-20 00:48:43+00:00
EVT-ATO-024,account_takeover,1,1,4181.7,2026-08-07 03:27:15+00:00,2026-08-07 03:27:15+00:00
EVT-ATO-025,account_takeover,1,1,9778.87,2026-09-01 10:15:52+00:00,2026-09-01 10:15:52+00:00
EVT-BURST-001,rapid_payment_burst,5,1,7636.4,2026-08-10 12:19:00+00:00,2026-08-10 12:27:00+00:00
EVT-BURST-002,rapid_payment_burst,5,1,9284.52,2026-08-07 21:09:00+00:00,2026-08-07 21:17:00+00:00
EVT-BURST-003,rapid_payment_burst,5,1,9574.31,2026-09-26 16:37:00+00:00,2026-09-26 16:45:00+00:00
EVT-BURST-004,rapid_payment_burst,5,1,8298.74,2026-08-25 12:43:00+00:00,2026-08-25 12:51:00+00:00
EVT-BURST-005,rapid_payment_burst,5,1,8502.59,2026-09-18 03:50:00+00:00,2026-09-18 03:58:00+00:00
EVT-MULE-001,mule_account_activity,25,25,61111.23,2026-08-01 02:24:34+00:00,2026-08-16 17:35:12+00:00
EVT-NEWBEN-001,new_beneficiary_scam,1,1,5141.7,2026-09-08 00:35:50+00:00,2026-09-08 00:35:50+00:00
EVT-NEWBEN-002,new_beneficiary_scam,1,1,7054.54,2026-09-06 21:05:34+00:00,2026-09-06 21:05:34+00:00
EVT-NEWBEN-003,new_beneficiary_scam,1,1,4237.41,2026-08-29 00:12:36+00:00,2026-08-29 00:12:36+00:00
EVT-NEWBEN-004,new_beneficiary_scam,1,1,8996.3,2026-09-26 01:22:47+00:00,2026-09-26 01:22:47+00:00
EVT-NEWBEN-005,new_beneficiary_scam,1,1,8309.64,2026-08-06 16:01:47+00:00,2026-08-06 16:01:47+00:00
EVT-NEWBEN-006,new_beneficiary_scam,1,1,8036.24,2026-08-08 06:07:59+00:00,2026-08-08 06:07:59+00:00
EVT-NEWBEN-007,new_beneficiary_scam,1,1,6024.65,2026-08-21 16:02:32+00:00,2026-08-21 16:02:32+00:00
EVT-NEWBEN-008,new_beneficiary_scam,1,1,7391.16,2026-09-11 12:01:12+00:00,2026-09-11 12:01:12+00:00
EVT-NEWBEN-009,new_beneficiary_scam,1,1,7088.69,2026-09-12 15:58:26+00:00,2026-09-12 15:58:26+00:00
EVT-NEWBEN-010,new_beneficiary_scam,1,1,7548.93,2026-08-10 09:48:40+00:00,2026-08-10 09:48:40+00:00
EVT-NEWBEN-011,new_beneficiary_scam,1,1,3591.11,2026-08-19 04:27:01+00:00,2026-08-19 04:27:01+00:00
EVT-NEWBEN-012,new_beneficiary_scam,1,1,5910.65,2026-08-11 01:56:31+00:00,2026-08-11 01:56:31+00:00
EVT-NEWBEN-013,new_beneficiary_scam,1,1,3291.3,2026-08-22 19:26:39+00:00,2026-08-22 19:26:39+00:00
EVT-NEWBEN-014,new_beneficiary_scam,1,1,6457.94,2026-08-10 17:48:36+00:00,2026-08-10 17:48:36+00:00
EVT-NEWBEN-015,new_beneficiary_scam,1,1,5309.03,2026-08-27 21:35:15+00:00,2026-08-27 21:35:15+00:00
EVT-NEWBEN-016,new_beneficiary_scam,1,1,4011.67,2026-09-23 10:04:54+00:00,2026-09-23 10:04:54+00:00
EVT-NEWBEN-017,new_beneficiary_scam,1,1,3723.82,2026-09-11 01:49:10+00:00,2026-09-11 01:49:10+00:00
EVT-NEWBEN-018,new_beneficiary_scam,1,1,7113.51,2026-08-23 19:33:58+00:00,2026-08-23 19:33:58+00:00
EVT-NEWBEN-019,new_beneficiary_scam,1,1,4194.15,2026-08-31 14:33:11+00:00,2026-08-31 14:33:11+00:00
EVT-NEWBEN-020,new_beneficiary_scam,1,1,9475.84,2026-09-11 13:25:16+00:00,2026-09-11 13:25:16+00:00
EVT-NEWBEN-021,new_beneficiary_scam,1,1,7067.43,2026-08-15 07:09:02+00:00,2026-08-15 07:09:02+00:00
EVT-NEWBEN-022,new_beneficiary_scam,1,1,5428.09,2026-08-31 07:26:36+00:00,2026-08-31 07:26:36+00:00
EVT-NEWBEN-023,new_beneficiary_scam,1,1,7136.41,2026-09-27 10:43:15+00:00,2026-09-27 10:43:15+00:00
EVT-NEWBEN-024,new_beneficiary_scam,1,1,3159.63,2026-08-31 09:20:14+00:00,2026-08-31 09:20:14+00:00
EVT-NEWBEN-025,new_beneficiary_scam,1,1,9709.91,2026-08-21 10:46:16+00:00,2026-08-21 10:46:16+00:00
